Specimen.ID,Treatment.Group,Bone.Group,BoneDensity,Position
A2,Aquatic,Radials,572.8262399,Dorsal1
A2,Aquatic,Radials,637.7440077,Dorsal1
A2,Aquatic,Radials,694.1514826,Dorsal1
A2,Aquatic,Radials,666.4416918,Dorsal1
A2,Aquatic,Radials,596.0085099,Dorsal1
A2,Aquatic,Radials,790.7494328,Dorsal2
A2,Aquatic,Radials,800.0648807,Dorsal2
A2,Aquatic,Radials,733.1381462,Dorsal2
A2,Aquatic,Radials,778.9156784,Dorsal2
A2,Aquatic,Radials,751.0166287,Dorsal2
A2,Aquatic,Radials,745.7372724,Dorsal3
A2,Aquatic,Radials,750.2715613,Dorsal3
A2,Aquatic,Radials,752.5213728,Dorsal3
A2,Aquatic,Radials,749.7794718,Dorsal3
A2,Aquatic,Radials,746.1862773,Dorsal3
A2,Aquatic,Radials,697.500118,Dorsal4
A2,Aquatic,Radials,640.6779739,Dorsal4
A2,Aquatic,Radials,686.8729816,Dorsal4
A2,Aquatic,Radials,718.656171,Dorsal4
A2,Aquatic,Radials,688.6571156,Dorsal4
A2,Aquatic,Radials,750.4669279,Dorsal5
A2,Aquatic,Radials,767.9177828,Dorsal5
A2,Aquatic,Radials,777.0067474,Dorsal5
A2,Aquatic,Radials,765.6866248,Dorsal5
A2,Aquatic,Radials,759.4320035,Dorsal5
A2,Aquatic,Radials,700.6676658,Dorsal6
A2,Aquatic,Radials,691.6450615,Dorsal6
A2,Aquatic,Radials,696.3450034,Dorsal6
A2,Aquatic,Radials,686.9537034,Dorsal6
A2,Aquatic,Radials,701.3245005,Dorsal6
A2,Aquatic,Radials,798.0241371,Ventral6
A2,Aquatic,Radials,807.3508927,Ventral6
A2,Aquatic,Radials,810.5775374,Ventral6
A2,Aquatic,Radials,795.7955377,Ventral6
A2,Aquatic,Radials,810.1412433,Ventral6
A2,Aquatic,Radials,900.9898678,Ventral5
A2,Aquatic,Radials,910.2401935,Ventral5
A2,Aquatic,Radials,934.556696,Ventral5
A2,Aquatic,Radials,948.3618625,Ventral5
A2,Aquatic,Radials,890.2283601,Ventral5
A2,Aquatic,Radials,835.8345566,Ventral4
A2,Aquatic,Radials,829.2469783,Ventral4
A2,Aquatic,Radials,839.0591379,Ventral4
A2,Aquatic,Radials,833.4022543,Ventral4
A2,Aquatic,Radials,827.1383887,Ventral4
A2,Aquatic,Radials,848.8486821,Ventral3
A2,Aquatic,Radials,847.9497644,Ventral3
A2,Aquatic,Radials,818.5048669,Ventral3
A2,Aquatic,Radials,810.8080651,Ventral3
A2,Aquatic,Radials,829.2681079,Ventral3
A2,Aquatic,Radials,1089.595601,Ventral2
A2,Aquatic,Radials,1077.596854,Ventral2
A2,Aquatic,Radials,1057.137419,Ventral2
A2,Aquatic,Radials,1086.314234,Ventral2
A2,Aquatic,Radials,1050.786559,Ventral2
A2,Aquatic,Radials,799.7175623,Ventral1
A2,Aquatic,Radials,815.723678,Ventral1
A2,Aquatic,Radials,798.0543459,Ventral1
A2,Aquatic,Radials,812.184298,Ventral1
A2,Aquatic,Radials,812.0027152,Ventral1
A2,Aquatic,Proximal_Fin_Rays,751.0250476,Dorsal1
A2,Aquatic,Proximal_Fin_Rays,736.5809571,Dorsal1
A2,Aquatic,Proximal_Fin_Rays,775.8570803,Dorsal1
A2,Aquatic,Proximal_Fin_Rays,755.540683,Dorsal1
A2,Aquatic,Proximal_Fin_Rays,795.2157107,Dorsal1
A2,Aquatic,Proximal_Fin_Rays,1014.113838,Dorsal2
A2,Aquatic,Proximal_Fin_Rays,939.1696433,Dorsal2
A2,Aquatic,Proximal_Fin_Rays,997.9659231,Dorsal2
A2,Aquatic,Proximal_Fin_Rays,892.6698241,Dorsal2
A2,Aquatic,Proximal_Fin_Rays,955.7769633,Dorsal2
A2,Aquatic,Proximal_Fin_Rays,1132.338719,Dorsal3
A2,Aquatic,Proximal_Fin_Rays,1204.982177,Dorsal3
A2,Aquatic,Proximal_Fin_Rays,1213.293719,Dorsal3
A2,Aquatic,Proximal_Fin_Rays,1229.211355,Dorsal3
A2,Aquatic,Proximal_Fin_Rays,1191.627584,Dorsal3
A2,Aquatic,Proximal_Fin_Rays,1118.847278,Dorsal4
A2,Aquatic,Proximal_Fin_Rays,1211.853437,Dorsal4
A2,Aquatic,Proximal_Fin_Rays,1256.148675,Dorsal4
A2,Aquatic,Proximal_Fin_Rays,1222.615358,Dorsal4
A2,Aquatic,Proximal_Fin_Rays,1169.64211,Dorsal4
A2,Aquatic,Proximal_Fin_Rays,1151.561245,Dorsal5
A2,Aquatic,Proximal_Fin_Rays,1167.68151,Dorsal5
A2,Aquatic,Proximal_Fin_Rays,1157.502223,Dorsal5
A2,Aquatic,Proximal_Fin_Rays,1138.91078,Dorsal5
A2,Aquatic,Proximal_Fin_Rays,1133.030797,Dorsal5
A2,Aquatic,Proximal_Fin_Rays,1076.388503,Ventral5
A2,Aquatic,Proximal_Fin_Rays,992.5210787,Ventral5
A2,Aquatic,Proximal_Fin_Rays,920.383164,Ventral5
A2,Aquatic,Proximal_Fin_Rays,1030.408176,Ventral5
A2,Aquatic,Proximal_Fin_Rays,970.9837843,Ventral5
A2,Aquatic,Proximal_Fin_Rays,1048.057451,Ventral4
A2,Aquatic,Proximal_Fin_Rays,992.1381865,Ventral4
A2,Aquatic,Proximal_Fin_Rays,966.6443668,Ventral4
A2,Aquatic,Proximal_Fin_Rays,976.1326486,Ventral4
A2,Aquatic,Proximal_Fin_Rays,977.2832236,Ventral4
A2,Aquatic,Proximal_Fin_Rays,1177.424916,Ventral3
A2,Aquatic,Proximal_Fin_Rays,1214.907331,Ventral3
A2,Aquatic,Proximal_Fin_Rays,1146.235998,Ventral3
A2,Aquatic,Proximal_Fin_Rays,1232.219605,Ventral3
A2,Aquatic,Proximal_Fin_Rays,1171.418485,Ventral3
A2,Aquatic,Proximal_Fin_Rays,991.4655046,Ventral2
A2,Aquatic,Proximal_Fin_Rays,1003.370159,Ventral2
A2,Aquatic,Proximal_Fin_Rays,997.3174247,Ventral2
A2,Aquatic,Proximal_Fin_Rays,992.7159501,Ventral2
A2,Aquatic,Proximal_Fin_Rays,995.121015,Ventral2
A2,Aquatic,Proximal_Fin_Rays,1256.014057,Ventral1
A2,Aquatic,Proximal_Fin_Rays,1067.836033,Ventral1
A2,Aquatic,Proximal_Fin_Rays,1128.48941,Ventral1
A2,Aquatic,Proximal_Fin_Rays,1145.443141,Ventral1
A2,Aquatic,Proximal_Fin_Rays,995.38398,Ventral1
A2,Aquatic,Distal_Fin_Rays,558.8361065,Proximal1
A2,Aquatic,Distal_Fin_Rays,597.8970541,Mid-Proximal1
A2,Aquatic,Distal_Fin_Rays,550.7886847,Mid1
A2,Aquatic,Distal_Fin_Rays,517.0307818,Mid-Distal1
A2,Aquatic,Distal_Fin_Rays,470.0833608,Distal1
A2,Aquatic,Distal_Fin_Rays,582.029189,Proximal2
A2,Aquatic,Distal_Fin_Rays,474.0781836,Mid-Proximal2
A2,Aquatic,Distal_Fin_Rays,470.3557351,Mid2
A2,Aquatic,Distal_Fin_Rays,530.4018827,Mid-Distal2
A2,Aquatic,Distal_Fin_Rays,440.9640744,Distal2
A2,Aquatic,Distal_Fin_Rays,506.3834237,Proximal3
A2,Aquatic,Distal_Fin_Rays,434.4931219,Mid-Proximal3
A2,Aquatic,Distal_Fin_Rays,497.6014167,Mid3
A2,Aquatic,Distal_Fin_Rays,449.2260942,Mid-Distal3
A2,Aquatic,Distal_Fin_Rays,439.6929945,Distal3
A2,Aquatic,Distal_Fin_Rays,530.0717321,Proximal4
A2,Aquatic,Distal_Fin_Rays,465.80238,Mid-Proximal4
A2,Aquatic,Distal_Fin_Rays,468.7256163,Mid4
A2,Aquatic,Distal_Fin_Rays,448.5245241,Mid-Distal4
A2,Aquatic,Distal_Fin_Rays,419.6363431,Distal4
A2,Aquatic,Distal_Fin_Rays,487.5978523,Proximal5
A2,Aquatic,Distal_Fin_Rays,444.1830432,Mid-Proximal5
A2,Aquatic,Distal_Fin_Rays,489.3806657,Mid5
A2,Aquatic,Distal_Fin_Rays,428.7567545,Mid-Distal5
A2,Aquatic,Distal_Fin_Rays,399.1670035,Distal5
A2,Aquatic,Distal_Fin_Rays,698.4119115,Proximal6
A2,Aquatic,Distal_Fin_Rays,581.9643144,Mid-Proximal6
A2,Aquatic,Distal_Fin_Rays,504.9654267,Mid6
A2,Aquatic,Distal_Fin_Rays,451.3120685,Mid-Distal6
A2,Aquatic,Distal_Fin_Rays,448.421352,Distal6
A2,Aquatic,Distal_Fin_Rays,561.0543061,Proximal7
A2,Aquatic,Distal_Fin_Rays,534.1022936,Mid-Proximal7
A2,Aquatic,Distal_Fin_Rays,471.7588753,Mid7
A2,Aquatic,Distal_Fin_Rays,449.129195,Mid-Distal7
A2,Aquatic,Distal_Fin_Rays,466.3251736,Distal7
A2,Aquatic,Distal_Fin_Rays,595.7540463,Proximal8
A2,Aquatic,Distal_Fin_Rays,458.6177244,Mid-Proximal8
A2,Aquatic,Distal_Fin_Rays,597.8351508,Mid8
A2,Aquatic,Distal_Fin_Rays,503.89871,Mid-Distal8
A2,Aquatic,Distal_Fin_Rays,461.1895978,Distal8
A2,Aquatic,Distal_Fin_Rays,537.6926818,Proximal9
A2,Aquatic,Distal_Fin_Rays,489.265113,Mid-Proximal9
A2,Aquatic,Distal_Fin_Rays,445.5944372,Mid9
A2,Aquatic,Distal_Fin_Rays,448.0292981,Mid-Distal9
A2,Aquatic,Distal_Fin_Rays,388.8704304,Distal9
A2,Aquatic,Distal_Fin_Rays,489.0711495,Proximal10
A2,Aquatic,Distal_Fin_Rays,452.1286961,Mid-Proximal10
A2,Aquatic,Distal_Fin_Rays,384.8879883,Mid10
A2,Aquatic,Distal_Fin_Rays,424.6298715,Mid-Distal10
A2,Aquatic,Distal_Fin_Rays,402.1218517,Distal10
A2,Aquatic,Prop_Metap,1102.928818,propterygium
A2,Aquatic,Prop_Metap,1062.426432,propterygium
A2,Aquatic,Prop_Metap,1095.781139,propterygium
A2,Aquatic,Prop_Metap,1122.950886,propterygium
A2,Aquatic,Prop_Metap,1134.003586,propterygium
A2,Aquatic,Prop_Metap,1106.236432,metapterygium
A2,Aquatic,Prop_Metap,1105.24664,metapterygium
A2,Aquatic,Prop_Metap,1109.472238,metapterygium
A2,Aquatic,Prop_Metap,1101.847904,metapterygium
A2,Aquatic,Prop_Metap,1110.340864,metapterygium
A3,Aquatic,Radials,411.8700669,Dorsal1
A3,Aquatic,Radials,383.2829202,Dorsal1
A3,Aquatic,Radials,346.3285314,Dorsal1
A3,Aquatic,Radials,352.0533736,Dorsal1
A3,Aquatic,Radials,369.0044427,Dorsal1
A3,Aquatic,Radials,420.9069826,Dorsal2
A3,Aquatic,Radials,413.726859,Dorsal2
A3,Aquatic,Radials,406.3437878,Dorsal2
A3,Aquatic,Radials,421.7414125,Dorsal2
A3,Aquatic,Radials,425.0360906,Dorsal2
A3,Aquatic,Radials,424.8799426,Dorsal3
A3,Aquatic,Radials,414.261431,Dorsal3
A3,Aquatic,Radials,433.3455266,Dorsal3
A3,Aquatic,Radials,443.260182,Dorsal3
A3,Aquatic,Radials,411.6280688,Dorsal3
A3,Aquatic,Radials,454.4755637,Dorsal4
A3,Aquatic,Radials,458.0075152,Dorsal4
A3,Aquatic,Radials,446.1246791,Dorsal4
A3,Aquatic,Radials,445.2339285,Dorsal4
A3,Aquatic,Radials,460.8777212,Dorsal4
A3,Aquatic,Radials,422.9369603,Dorsal5
A3,Aquatic,Radials,432.2973932,Dorsal5
A3,Aquatic,Radials,444.8642918,Dorsal5
A3,Aquatic,Radials,439.3428089,Dorsal5
A3,Aquatic,Radials,426.8238375,Dorsal5
A3,Aquatic,Radials,515.0736234,Dorsal6
A3,Aquatic,Radials,517.9102375,Dorsal6
A3,Aquatic,Radials,512.6808454,Dorsal6
A3,Aquatic,Radials,519.5433756,Dorsal6
A3,Aquatic,Radials,515.8594997,Dorsal6
A3,Aquatic,Radials,415.2152313,Dorsal7
A3,Aquatic,Radials,414.5094782,Dorsal7
A3,Aquatic,Radials,434.9544327,Dorsal7
A3,Aquatic,Radials,415.570515,Dorsal7
A3,Aquatic,Radials,410.0375605,Dorsal7
A3,Aquatic,Radials,432.140941,Ventral7
A3,Aquatic,Radials,432.4722969,Ventral7
A3,Aquatic,Radials,429.147105,Ventral7
A3,Aquatic,Radials,429.929062,Ventral7
A3,Aquatic,Radials,432.3854267,Ventral7
A3,Aquatic,Radials,489.3399495,Ventral6
A3,Aquatic,Radials,505.5529979,Ventral6
A3,Aquatic,Radials,541.3513545,Ventral6
A3,Aquatic,Radials,530.9126145,Ventral6
A3,Aquatic,Radials,513.6715665,Ventral6
A3,Aquatic,Radials,556.8510794,Ventral5
A3,Aquatic,Radials,552.7845202,Ventral5
A3,Aquatic,Radials,528.8353718,Ventral5
A3,Aquatic,Radials,559.5489411,Ventral5
A3,Aquatic,Radials,575.7564594,Ventral5
A3,Aquatic,Radials,532.7745967,Ventral4
A3,Aquatic,Radials,505.929668,Ventral4
A3,Aquatic,Radials,488.195067,Ventral4
A3,Aquatic,Radials,474.4938449,Ventral4
A3,Aquatic,Radials,477.9883924,Ventral4
A3,Aquatic,Radials,736.2131975,Ventral3
A3,Aquatic,Radials,745.7283825,Ventral3
A3,Aquatic,Radials,716.1859859,Ventral3
A3,Aquatic,Radials,724.0475948,Ventral3
A3,Aquatic,Radials,729.9507231,Ventral3
A3,Aquatic,Radials,579.5214427,Ventral2
A3,Aquatic,Radials,623.3199282,Ventral2
A3,Aquatic,Radials,519.7367844,Ventral2
A3,Aquatic,Radials,591.0554916,Ventral2
A3,Aquatic,Radials,533.5544776,Ventral2
A3,Aquatic,Radials,354.623686,Ventral1
A3,Aquatic,Radials,495.0364255,Ventral1
A3,Aquatic,Radials,727.1945005,Ventral1
A3,Aquatic,Radials,491.9281407,Ventral1
A3,Aquatic,Radials,400.5360664,Ventral1
A3,Aquatic,Proximal_Fin_Rays,621.0520328,Dorsal1
A3,Aquatic,Proximal_Fin_Rays,605.2135249,Dorsal1
A3,Aquatic,Proximal_Fin_Rays,637.302163,Dorsal1
A3,Aquatic,Proximal_Fin_Rays,626.51945,Dorsal1
A3,Aquatic,Proximal_Fin_Rays,605.0166621,Dorsal1
A3,Aquatic,Proximal_Fin_Rays,647.8164267,Dorsal2
A3,Aquatic,Proximal_Fin_Rays,693.6944098,Dorsal2
A3,Aquatic,Proximal_Fin_Rays,634.5639802,Dorsal2
A3,Aquatic,Proximal_Fin_Rays,654.9840227,Dorsal2
A3,Aquatic,Proximal_Fin_Rays,649.9998142,Dorsal2
A3,Aquatic,Proximal_Fin_Rays,634.9129643,Dorsal3
A3,Aquatic,Proximal_Fin_Rays,596.6141994,Dorsal3
A3,Aquatic,Proximal_Fin_Rays,583.1559418,Dorsal3
A3,Aquatic,Proximal_Fin_Rays,620.0140289,Dorsal3
A3,Aquatic,Proximal_Fin_Rays,594.8871757,Dorsal3
A3,Aquatic,Proximal_Fin_Rays,765.0814642,Dorsal4
A3,Aquatic,Proximal_Fin_Rays,795.1017721,Dorsal4
A3,Aquatic,Proximal_Fin_Rays,726.4784568,Dorsal4
A3,Aquatic,Proximal_Fin_Rays,798.4349101,Dorsal4
A3,Aquatic,Proximal_Fin_Rays,726.1278262,Dorsal4
A3,Aquatic,Proximal_Fin_Rays,811.1141278,Dorsal5
A3,Aquatic,Proximal_Fin_Rays,808.1969789,Dorsal5
A3,Aquatic,Proximal_Fin_Rays,802.0477006,Dorsal5
A3,Aquatic,Proximal_Fin_Rays,801.2870943,Dorsal5
A3,Aquatic,Proximal_Fin_Rays,822.1205486,Dorsal5
A3,Aquatic,Proximal_Fin_Rays,743.7124715,Ventral5
A3,Aquatic,Proximal_Fin_Rays,756.1565993,Ventral5
A3,Aquatic,Proximal_Fin_Rays,743.005555,Ventral5
A3,Aquatic,Proximal_Fin_Rays,749.830914,Ventral5
A3,Aquatic,Proximal_Fin_Rays,752.3336667,Ventral5
A3,Aquatic,Proximal_Fin_Rays,835.2208738,Ventral4
A3,Aquatic,Proximal_Fin_Rays,870.9067323,Ventral4
A3,Aquatic,Proximal_Fin_Rays,865.8306068,Ventral4
A3,Aquatic,Proximal_Fin_Rays,864.4424377,Ventral4
A3,Aquatic,Proximal_Fin_Rays,853.1613396,Ventral4
A3,Aquatic,Proximal_Fin_Rays,903.6882201,Ventral3
A3,Aquatic,Proximal_Fin_Rays,924.478991,Ventral3
A3,Aquatic,Proximal_Fin_Rays,887.5557065,Ventral3
A3,Aquatic,Proximal_Fin_Rays,944.6379933,Ventral3
A3,Aquatic,Proximal_Fin_Rays,904.6103613,Ventral3
A3,Aquatic,Proximal_Fin_Rays,879.9317468,Ventral2
A3,Aquatic,Proximal_Fin_Rays,842.7336239,Ventral2
A3,Aquatic,Proximal_Fin_Rays,918.422256,Ventral2
A3,Aquatic,Proximal_Fin_Rays,838.898629,Ventral2
A3,Aquatic,Proximal_Fin_Rays,523.8603086,Ventral2
A3,Aquatic,Proximal_Fin_Rays,967.2139519,Ventral1
A3,Aquatic,Proximal_Fin_Rays,956.6150193,Ventral1
A3,Aquatic,Proximal_Fin_Rays,979.8668616,Ventral1
A3,Aquatic,Proximal_Fin_Rays,962.5627817,Ventral1
A3,Aquatic,Proximal_Fin_Rays,955.5203905,Ventral1
A3,Aquatic,Distal_Fin_Rays,412.7622312,Proximal1
A3,Aquatic,Distal_Fin_Rays,339.8773551,Mid-Proximal1
A3,Aquatic,Distal_Fin_Rays,298.1343858,Mid1
A3,Aquatic,Distal_Fin_Rays,299.7092883,Mid-Distal1
A3,Aquatic,Distal_Fin_Rays,278.748768,Distal1
A3,Aquatic,Distal_Fin_Rays,481.4146644,Proximal2
A3,Aquatic,Distal_Fin_Rays,349.1337907,Mid-Proximal2
A3,Aquatic,Distal_Fin_Rays,410.0091406,Mid2
A3,Aquatic,Distal_Fin_Rays,359.1340277,Mid-Distal2
A3,Aquatic,Distal_Fin_Rays,325.1473279,Distal2
A3,Aquatic,Distal_Fin_Rays,663.9024986,Proximal3
A3,Aquatic,Distal_Fin_Rays,544.7274264,Mid-Proximal3
A3,Aquatic,Distal_Fin_Rays,478.1654258,Mid3
A3,Aquatic,Distal_Fin_Rays,435.4676719,Mid-Distal3
A3,Aquatic,Distal_Fin_Rays,405.124849,Distal3
A3,Aquatic,Distal_Fin_Rays,603.9876065,Proximal4
A3,Aquatic,Distal_Fin_Rays,538.9190787,Mid-Proximal4
A3,Aquatic,Distal_Fin_Rays,414.7756009,Mid4
A3,Aquatic,Distal_Fin_Rays,478.732158,Mid-Distal4
A3,Aquatic,Distal_Fin_Rays,424.5292583,Distal4
A3,Aquatic,Distal_Fin_Rays,493.0464646,Proximal5
A3,Aquatic,Distal_Fin_Rays,515.5514631,Mid-Proximal5
A3,Aquatic,Distal_Fin_Rays,427.1385854,Mid5
A3,Aquatic,Distal_Fin_Rays,452.2376988,Mid-Distal5
A3,Aquatic,Distal_Fin_Rays,401.424723,Distal5
A3,Aquatic,Distal_Fin_Rays,743.923061,Proximal6
A3,Aquatic,Distal_Fin_Rays,605.789796,Mid-Proximal6
A3,Aquatic,Distal_Fin_Rays,558.7800307,Mid6
A3,Aquatic,Distal_Fin_Rays,436.1113596,Mid-Distal6
A3,Aquatic,Distal_Fin_Rays,429.798023,Distal6
A3,Aquatic,Distal_Fin_Rays,677.9341996,Proximal7
A3,Aquatic,Distal_Fin_Rays,644.1079967,Mid-Proximal7
A3,Aquatic,Distal_Fin_Rays,532.8909605,Mid7
A3,Aquatic,Distal_Fin_Rays,518.8337031,Mid-Distal7
A3,Aquatic,Distal_Fin_Rays,488.6913223,Distal7
A3,Aquatic,Distal_Fin_Rays,682.9436602,Proximal8
A3,Aquatic,Distal_Fin_Rays,584.4583325,Mid-Proximal8
A3,Aquatic,Distal_Fin_Rays,551.6191102,Mid8
A3,Aquatic,Distal_Fin_Rays,523.3175399,Mid-Distal8
A3,Aquatic,Distal_Fin_Rays,507.6142768,Distal8
A3,Aquatic,Distal_Fin_Rays,630.4092085,Proximal9
A3,Aquatic,Distal_Fin_Rays,640.0642019,Mid-Proximal9
A3,Aquatic,Distal_Fin_Rays,635.4695492,Mid9
A3,Aquatic,Distal_Fin_Rays,566.1720503,Mid-Distal9
A3,Aquatic,Distal_Fin_Rays,461.0131271,Distal9
A3,Aquatic,Distal_Fin_Rays,599.2092092,Proximal10
A3,Aquatic,Distal_Fin_Rays,519.6990046,Mid-Proximal10
A3,Aquatic,Distal_Fin_Rays,432.8690828,Mid10
A3,Aquatic,Distal_Fin_Rays,405.1352828,Mid-Distal10
A3,Aquatic,Distal_Fin_Rays,391.0446839,Distal10
A3,Aquatic,Prop_Metap,866.1590098,propterygium
A3,Aquatic,Prop_Metap,920.2154973,propterygium
A3,Aquatic,Prop_Metap,899.6810955,propterygium
A3,Aquatic,Prop_Metap,909.7280785,propterygium
A3,Aquatic,Prop_Metap,923.4238421,propterygium
A3,Aquatic,Prop_Metap,1001.141897,metapterygium
A3,Aquatic,Prop_Metap,960.0293542,metapterygium
A3,Aquatic,Prop_Metap,979.8570722,metapterygium
A3,Aquatic,Prop_Metap,975.6101866,metapterygium
A3,Aquatic,Prop_Metap,1017.082738,metapterygium
B4,Aquatic,Radials,2273.388363,Dorsal1
B4,Aquatic,Radials,2510.169913,Dorsal1
B4,Aquatic,Radials,2268.803467,Dorsal1
B4,Aquatic,Radials,2302.518462,Dorsal1
B4,Aquatic,Radials,2362.48507,Dorsal1
B4,Aquatic,Radials,3118.808561,Dorsal2
B4,Aquatic,Radials,3297.125811,Dorsal2
B4,Aquatic,Radials,3572.404683,Dorsal2
B4,Aquatic,Radials,3215.769556,Dorsal2
B4,Aquatic,Radials,3124.839475,Dorsal2
B4,Aquatic,Radials,4623.058379,Dorsal3
B4,Aquatic,Radials,4655.71763,Dorsal3
B4,Aquatic,Radials,4425.347053,Dorsal3
B4,Aquatic,Radials,4404.027246,Dorsal3
B4,Aquatic,Radials,4412.068952,Dorsal3
B4,Aquatic,Radials,5603.716321,Dorsal4
B4,Aquatic,Radials,5333.134508,Dorsal4
B4,Aquatic,Radials,5403.194057,Dorsal4
B4,Aquatic,Radials,5755.47174,Dorsal4
B4,Aquatic,Radials,5409.44596,Dorsal4
B4,Aquatic,Radials,5060.420776,Dorsal5
B4,Aquatic,Radials,5039.445796,Dorsal5
B4,Aquatic,Radials,4939.488524,Dorsal5
B4,Aquatic,Radials,4974.693109,Dorsal5
B4,Aquatic,Radials,5119.803223,Dorsal5
B4,Aquatic,Radials,6115.314334,Dorsal6
B4,Aquatic,Radials,5600.760281,Dorsal6
B4,Aquatic,Radials,6194.328314,Dorsal6
B4,Aquatic,Radials,6367.383317,Dorsal6
B4,Aquatic,Radials,5803.797858,Dorsal6
B4,Aquatic,Radials,5046.244751,Dorsal7
B4,Aquatic,Radials,5136.487473,Dorsal7
B4,Aquatic,Radials,4858.967023,Dorsal7
B4,Aquatic,Radials,4911.543009,Dorsal7
B4,Aquatic,Radials,4818.253766,Dorsal7
B4,Aquatic,Radials,5128.673845,Ventral7
B4,Aquatic,Radials,4994.384268,Ventral7
B4,Aquatic,Radials,5017.823901,Ventral7
B4,Aquatic,Radials,5051.246607,Ventral7
B4,Aquatic,Radials,5110.413902,Ventral7
B4,Aquatic,Radials,6299.821569,Ventral6
B4,Aquatic,Radials,6125.789419,Ventral6
B4,Aquatic,Radials,6324.050716,Ventral6
B4,Aquatic,Radials,6295.203316,Ventral6
B4,Aquatic,Radials,6411.689938,Ventral6
B4,Aquatic,Radials,6849.374228,Ventral5
B4,Aquatic,Radials,6561.742699,Ventral5
B4,Aquatic,Radials,6862.48492,Ventral5
B4,Aquatic,Radials,7081.221887,Ventral5
B4,Aquatic,Radials,6727.432932,Ventral5
B4,Aquatic,Radials,6684.02361,Ventral4
B4,Aquatic,Radials,6673.679033,Ventral4
B4,Aquatic,Radials,6780.520111,Ventral4
B4,Aquatic,Radials,6741.347106,Ventral4
B4,Aquatic,Radials,6679.631975,Ventral4
B4,Aquatic,Radials,6222.706634,Ventral3
B4,Aquatic,Radials,5796.682847,Ventral3
B4,Aquatic,Radials,6245.436392,Ventral3
B4,Aquatic,Radials,6001.339272,Ventral3
B4,Aquatic,Radials,6503.070128,Ventral3
B4,Aquatic,Radials,6413.474736,Ventral2
B4,Aquatic,Radials,6148.340093,Ventral2
B4,Aquatic,Radials,6379.883371,Ventral2
B4,Aquatic,Radials,6297.494513,Ventral2
B4,Aquatic,Radials,6092.611261,Ventral2
B4,Aquatic,Radials,4681.006482,Ventral1
B4,Aquatic,Radials,4295.539383,Ventral1
B4,Aquatic,Radials,4626.571895,Ventral1
B4,Aquatic,Radials,4805.617992,Ventral1
B4,Aquatic,Radials,5012.752621,Ventral1
B4,Aquatic,Proximal_Fin_Rays,5661.354831,Dorsal1
B4,Aquatic,Proximal_Fin_Rays,5847.28119,Dorsal1
B4,Aquatic,Proximal_Fin_Rays,6063.062951,Dorsal1
B4,Aquatic,Proximal_Fin_Rays,5830.464555,Dorsal1
B4,Aquatic,Proximal_Fin_Rays,5504.102624,Dorsal1
B4,Aquatic,Proximal_Fin_Rays,7306.967332,Dorsal2
B4,Aquatic,Proximal_Fin_Rays,7061.466933,Dorsal2
B4,Aquatic,Proximal_Fin_Rays,7161.001407,Dorsal2
B4,Aquatic,Proximal_Fin_Rays,6503.031559,Dorsal2
B4,Aquatic,Proximal_Fin_Rays,7187.493815,Dorsal2
B4,Aquatic,Proximal_Fin_Rays,7993.031967,Dorsal3
B4,Aquatic,Proximal_Fin_Rays,8726.773512,Dorsal3
B4,Aquatic,Proximal_Fin_Rays,8899.927752,Dorsal3
B4,Aquatic,Proximal_Fin_Rays,8359.079764,Dorsal3
B4,Aquatic,Proximal_Fin_Rays,8374.329254,Dorsal3
B4,Aquatic,Proximal_Fin_Rays,7674.892493,Dorsal4
B4,Aquatic,Proximal_Fin_Rays,7910.71837,Dorsal4
B4,Aquatic,Proximal_Fin_Rays,9116.426059,Dorsal4
B4,Aquatic,Proximal_Fin_Rays,9445.019353,Dorsal4
B4,Aquatic,Proximal_Fin_Rays,8721.108689,Dorsal4
B4,Aquatic,Proximal_Fin_Rays,8662.810548,Dorsal5
B4,Aquatic,Proximal_Fin_Rays,8554.157569,Dorsal5
B4,Aquatic,Proximal_Fin_Rays,9457.49418,Dorsal5
B4,Aquatic,Proximal_Fin_Rays,8835.442753,Dorsal5
B4,Aquatic,Proximal_Fin_Rays,8135.494591,Dorsal5
B4,Aquatic,Proximal_Fin_Rays,12031.05417,Ventral5
B4,Aquatic,Proximal_Fin_Rays,11853.58647,Ventral5
B4,Aquatic,Proximal_Fin_Rays,12208.15911,Ventral5
B4,Aquatic,Proximal_Fin_Rays,11944.08563,Ventral5
B4,Aquatic,Proximal_Fin_Rays,12247.77326,Ventral5
B4,Aquatic,Proximal_Fin_Rays,11845.08194,Ventral4
B4,Aquatic,Proximal_Fin_Rays,11858.74281,Ventral4
B4,Aquatic,Proximal_Fin_Rays,11747.95208,Ventral4
B4,Aquatic,Proximal_Fin_Rays,11910.74673,Ventral4
B4,Aquatic,Proximal_Fin_Rays,11955.78136,Ventral4
B4,Aquatic,Proximal_Fin_Rays,12062.31702,Ventral3
B4,Aquatic,Proximal_Fin_Rays,11946.04305,Ventral3
B4,Aquatic,Proximal_Fin_Rays,12159.73333,Ventral3
B4,Aquatic,Proximal_Fin_Rays,12041.7861,Ventral3
B4,Aquatic,Proximal_Fin_Rays,11659.63113,Ventral3
B4,Aquatic,Proximal_Fin_Rays,11590.64442,Ventral2
B4,Aquatic,Proximal_Fin_Rays,11655.12149,Ventral2
B4,Aquatic,Proximal_Fin_Rays,12291.7609,Ventral2
B4,Aquatic,Proximal_Fin_Rays,12281.38526,Ventral2
B4,Aquatic,Proximal_Fin_Rays,11305.14522,Ventral2
B4,Aquatic,Proximal_Fin_Rays,10733.07066,Ventral1
B4,Aquatic,Proximal_Fin_Rays,10897.07512,Ventral1
B4,Aquatic,Proximal_Fin_Rays,10201.61991,Ventral1
B4,Aquatic,Proximal_Fin_Rays,10919.47277,Ventral1
B4,Aquatic,Proximal_Fin_Rays,10448.24444,Ventral1
B4,Aquatic,Distal_Fin_Rays,3298.92291,Proximal1
B4,Aquatic,Distal_Fin_Rays,4077.028825,Mid-Proximal1
B4,Aquatic,Distal_Fin_Rays,3642.410235,Mid1
B4,Aquatic,Distal_Fin_Rays,2846.453832,Mid-Distal1
B4,Aquatic,Distal_Fin_Rays,2746.612683,Distal1
B4,Aquatic,Distal_Fin_Rays,4674.104329,Proximal2
B4,Aquatic,Distal_Fin_Rays,3411.997962,Mid-Proximal2
B4,Aquatic,Distal_Fin_Rays,2428.144437,Mid2
B4,Aquatic,Distal_Fin_Rays,2667.911423,Mid-Distal2
B4,Aquatic,Distal_Fin_Rays,2470.950209,Distal2
B4,Aquatic,Distal_Fin_Rays,5375.428461,Proximal3
B4,Aquatic,Distal_Fin_Rays,3980.064703,Mid-Proximal3
B4,Aquatic,Distal_Fin_Rays,3804.19084,Mid3
B4,Aquatic,Distal_Fin_Rays,3011.465462,Mid-Distal3
B4,Aquatic,Distal_Fin_Rays,2291.757967,Distal3
B4,Aquatic,Distal_Fin_Rays,4901.547011,Proximal4
B4,Aquatic,Distal_Fin_Rays,3782.717383,Mid-Proximal4
B4,Aquatic,Distal_Fin_Rays,3318.056802,Mid4
B4,Aquatic,Distal_Fin_Rays,2894.922968,Mid-Distal4
B4,Aquatic,Distal_Fin_Rays,2326.03148,Distal4
B4,Aquatic,Distal_Fin_Rays,4958.232766,Proximal5
B4,Aquatic,Distal_Fin_Rays,3610.137507,Mid-Proximal5
B4,Aquatic,Distal_Fin_Rays,2312.264701,Mid5
B4,Aquatic,Distal_Fin_Rays,2124.143045,Mid-Distal5
B4,Aquatic,Distal_Fin_Rays,2054.307195,Distal5
B4,Aquatic,Distal_Fin_Rays,9152.860468,Proximal6
B4,Aquatic,Distal_Fin_Rays,6054.831529,Mid-Proximal6
B4,Aquatic,Distal_Fin_Rays,4752.592731,Mid6
B4,Aquatic,Distal_Fin_Rays,3780.517918,Mid-Distal6
B4,Aquatic,Distal_Fin_Rays,3151.408186,Distal6
B4,Aquatic,Distal_Fin_Rays,8857.963406,Proximal7
B4,Aquatic,Distal_Fin_Rays,5624.938767,Mid-Proximal7
B4,Aquatic,Distal_Fin_Rays,4091.791931,Mid7
B4,Aquatic,Distal_Fin_Rays,4135.943442,Mid-Distal7
B4,Aquatic,Distal_Fin_Rays,3370.468715,Distal7
B4,Aquatic,Distal_Fin_Rays,9072.969203,Proximal8
B4,Aquatic,Distal_Fin_Rays,5313.330977,Mid-Proximal8
B4,Aquatic,Distal_Fin_Rays,4559.061224,Mid8
B4,Aquatic,Distal_Fin_Rays,3353.617472,Mid-Distal8
B4,Aquatic,Distal_Fin_Rays,2709.861801,Distal8
B4,Aquatic,Distal_Fin_Rays,6802.698439,Proximal9
B4,Aquatic,Distal_Fin_Rays,5039.378248,Mid-Proximal9
B4,Aquatic,Distal_Fin_Rays,4366.370934,Mid9
B4,Aquatic,Distal_Fin_Rays,3386.751015,Mid-Distal9
B4,Aquatic,Distal_Fin_Rays,2798.512151,Distal9
B4,Aquatic,Distal_Fin_Rays,4544.208889,Proximal10
B4,Aquatic,Distal_Fin_Rays,4166.29315,Mid-Proximal10
B4,Aquatic,Distal_Fin_Rays,3526.189426,Mid10
B4,Aquatic,Distal_Fin_Rays,2708.236698,Mid-Distal10
B4,Aquatic,Distal_Fin_Rays,2222.448321,Distal10
B4,Aquatic,Prop_Metap,9993.125786,propterygium
B4,Aquatic,Prop_Metap,9521.51802,propterygium
B4,Aquatic,Prop_Metap,9981.28995,propterygium
B4,Aquatic,Prop_Metap,9965.865545,propterygium
B4,Aquatic,Prop_Metap,9303.093148,propterygium
B4,Aquatic,Prop_Metap,11646.49062,metapterygium
B4,Aquatic,Prop_Metap,11566.76906,metapterygium
B4,Aquatic,Prop_Metap,10863.26026,metapterygium
B4,Aquatic,Prop_Metap,11719.95278,metapterygium
B4,Aquatic,Prop_Metap,10868.26692,metapterygium
B5,Aquatic,Radials,456.8986859,Dorsal1
B5,Aquatic,Radials,431.0697284,Dorsal1
B5,Aquatic,Radials,452.4179362,Dorsal1
B5,Aquatic,Radials,447.8243377,Dorsal1
B5,Aquatic,Radials,452.7050458,Dorsal1
B5,Aquatic,Radials,587.7524151,Dorsal2
B5,Aquatic,Radials,591.4482115,Dorsal2
B5,Aquatic,Radials,593.646424,Dorsal2
B5,Aquatic,Radials,593.1426572,Dorsal2
B5,Aquatic,Radials,574.5709337,Dorsal2
B5,Aquatic,Radials,559.2959835,Dorsal3
B5,Aquatic,Radials,542.8383035,Dorsal3
B5,Aquatic,Radials,531.0499742,Dorsal3
B5,Aquatic,Radials,567.6374384,Dorsal3
B5,Aquatic,Radials,546.7791251,Dorsal3
B5,Aquatic,Radials,577.4686837,Dorsal4
B5,Aquatic,Radials,576.9608644,Dorsal4
B5,Aquatic,Radials,584.2717172,Dorsal4
B5,Aquatic,Radials,584.3367144,Dorsal4
B5,Aquatic,Radials,587.1880156,Dorsal4
B5,Aquatic,Radials,623.4395833,Dorsal5
B5,Aquatic,Radials,623.3745861,Dorsal5
B5,Aquatic,Radials,594.3830582,Dorsal5
B5,Aquatic,Radials,647.8761681,Dorsal5
B5,Aquatic,Radials,743.747878,Dorsal5
B5,Aquatic,Radials,654.576952,Dorsal6
B5,Aquatic,Radials,664.9948861,Dorsal6
B5,Aquatic,Radials,617.5477566,Dorsal6
B5,Aquatic,Radials,664.5871343,Dorsal6
B5,Aquatic,Radials,678.1531431,Dorsal6
B5,Aquatic,Radials,589.0643597,Dorsal7
B5,Aquatic,Radials,565.7899299,Dorsal7
B5,Aquatic,Radials,613.1795439,Dorsal7
B5,Aquatic,Radials,546.5514013,Dorsal7
B5,Aquatic,Radials,575.0946517,Dorsal7
B5,Aquatic,Radials,597.0872195,Dorsal8
B5,Aquatic,Radials,567.4588132,Dorsal8
B5,Aquatic,Radials,594.7758466,Dorsal8
B5,Aquatic,Radials,598.0342761,Dorsal8
B5,Aquatic,Radials,584.6992643,Dorsal8
B5,Aquatic,Radials,661.5581431,Ventral7
B5,Aquatic,Radials,669.9073914,Ventral7
B5,Aquatic,Radials,662.8050905,Ventral7
B5,Aquatic,Radials,672.3433032,Ventral7
B5,Aquatic,Radials,668.8616701,Ventral7
B5,Aquatic,Radials,699.1699746,Ventral6
B5,Aquatic,Radials,699.451473,Ventral6
B5,Aquatic,Radials,677.5259285,Ventral6
B5,Aquatic,Radials,695.0360321,Ventral6
B5,Aquatic,Radials,707.3708362,Ventral6
B5,Aquatic,Radials,691.5280572,Ventral5
B5,Aquatic,Radials,689.4542277,Ventral5
B5,Aquatic,Radials,698.0876242,Ventral5
B5,Aquatic,Radials,686.989792,Ventral5
B5,Aquatic,Radials,696.0014811,Ventral5
B5,Aquatic,Radials,679.3753074,Ventral4
B5,Aquatic,Radials,707.3240756,Ventral4
B5,Aquatic,Radials,654.4067436,Ventral4
B5,Aquatic,Radials,698.4691901,Ventral4
B5,Aquatic,Radials,666.5258258,Ventral4
B5,Aquatic,Radials,779.7232468,Ventral3
B5,Aquatic,Radials,770.8153661,Ventral3
B5,Aquatic,Radials,791.5341771,Ventral3
B5,Aquatic,Radials,780.0588316,Ventral3
B5,Aquatic,Radials,794.5712735,Ventral3
B5,Aquatic,Radials,753.3199141,Ventral2
B5,Aquatic,Radials,762.1442494,Ventral2
B5,Aquatic,Radials,747.0607056,Ventral2
B5,Aquatic,Radials,745.1689305,Ventral2
B5,Aquatic,Radials,761.8721032,Ventral2
B5,Aquatic,Radials,705.5465521,Ventral1
B5,Aquatic,Radials,659.2949335,Ventral1
B5,Aquatic,Radials,737.2704536,Ventral1
B5,Aquatic,Radials,672.4079886,Ventral1
B5,Aquatic,Radials,760.2766339,Ventral1
B5,Aquatic,Proximal_Fin_Rays,538.655886,Dorsal1
B5,Aquatic,Proximal_Fin_Rays,562.1399588,Dorsal1
B5,Aquatic,Proximal_Fin_Rays,540.33568,Dorsal1
B5,Aquatic,Proximal_Fin_Rays,551.9877804,Dorsal1
B5,Aquatic,Proximal_Fin_Rays,520.1585118,Dorsal1
B5,Aquatic,Proximal_Fin_Rays,585.2234499,Dorsal2
B5,Aquatic,Proximal_Fin_Rays,628.6661635,Dorsal2
B5,Aquatic,Proximal_Fin_Rays,571.4401605,Dorsal2
B5,Aquatic,Proximal_Fin_Rays,589.1133024,Dorsal2
B5,Aquatic,Proximal_Fin_Rays,554.3708528,Dorsal2
B5,Aquatic,Proximal_Fin_Rays,635.2249511,Dorsal3
B5,Aquatic,Proximal_Fin_Rays,598.1109634,Dorsal3
B5,Aquatic,Proximal_Fin_Rays,674.3999872,Dorsal3
B5,Aquatic,Proximal_Fin_Rays,668.9406954,Dorsal3
B5,Aquatic,Proximal_Fin_Rays,616.5943094,Dorsal3
B5,Aquatic,Proximal_Fin_Rays,732.421075,Dorsal4
B5,Aquatic,Proximal_Fin_Rays,752.0293235,Dorsal4
B5,Aquatic,Proximal_Fin_Rays,705.5649445,Dorsal4
B5,Aquatic,Proximal_Fin_Rays,744.5632257,Dorsal4
B5,Aquatic,Proximal_Fin_Rays,753.7778556,Dorsal4
B5,Aquatic,Proximal_Fin_Rays,902.6889424,Dorsal5
B5,Aquatic,Proximal_Fin_Rays,851.1530723,Dorsal5
B5,Aquatic,Proximal_Fin_Rays,904.1625225,Dorsal5
B5,Aquatic,Proximal_Fin_Rays,887.692529,Dorsal5
B5,Aquatic,Proximal_Fin_Rays,936.4483298,Dorsal5
B5,Aquatic,Proximal_Fin_Rays,1036.582729,Ventral5
B5,Aquatic,Proximal_Fin_Rays,1016.475702,Ventral5
B5,Aquatic,Proximal_Fin_Rays,1038.889582,Ventral5
B5,Aquatic,Proximal_Fin_Rays,1009.034076,Ventral5
B5,Aquatic,Proximal_Fin_Rays,1030.008199,Ventral5
B5,Aquatic,Proximal_Fin_Rays,986.0813581,Ventral4
B5,Aquatic,Proximal_Fin_Rays,977.2436181,Ventral4
B5,Aquatic,Proximal_Fin_Rays,1000.171864,Ventral4
B5,Aquatic,Proximal_Fin_Rays,981.2182631,Ventral4
B5,Aquatic,Proximal_Fin_Rays,988.9809785,Ventral4
B5,Aquatic,Proximal_Fin_Rays,1017.580186,Ventral3
B5,Aquatic,Proximal_Fin_Rays,1036.996872,Ventral3
B5,Aquatic,Proximal_Fin_Rays,1002.015632,Ventral3
B5,Aquatic,Proximal_Fin_Rays,1036.652091,Ventral3
B5,Aquatic,Proximal_Fin_Rays,1063.931404,Ventral3
B5,Aquatic,Proximal_Fin_Rays,1047.306477,Ventral2
B5,Aquatic,Proximal_Fin_Rays,1087.448521,Ventral2
B5,Aquatic,Proximal_Fin_Rays,1016.072782,Ventral2
B5,Aquatic,Proximal_Fin_Rays,1073.575919,Ventral2
B5,Aquatic,Proximal_Fin_Rays,1042.93016,Ventral2
B5,Aquatic,Proximal_Fin_Rays,988.6480436,Ventral1
B5,Aquatic,Proximal_Fin_Rays,1023.416991,Ventral1
B5,Aquatic,Proximal_Fin_Rays,958.5238197,Ventral1
B5,Aquatic,Proximal_Fin_Rays,978.8412695,Ventral1
B5,Aquatic,Proximal_Fin_Rays,962.0932067,Ventral1
B5,Aquatic,Distal_Fin_Rays,433.4186656,Proximal1
B5,Aquatic,Distal_Fin_Rays,400.8421638,Mid-Proximal1
B5,Aquatic,Distal_Fin_Rays,396.5557819,Mid1
B5,Aquatic,Distal_Fin_Rays,364.1039748,Mid-Distal1
B5,Aquatic,Distal_Fin_Rays,314.2572508,Distal1
B5,Aquatic,Distal_Fin_Rays,482.3613527,Proximal2
B5,Aquatic,Distal_Fin_Rays,445.7010979,Mid-Proximal2
B5,Aquatic,Distal_Fin_Rays,326.7890726,Mid2
B5,Aquatic,Distal_Fin_Rays,325.5187449,Mid-Distal2
B5,Aquatic,Distal_Fin_Rays,319.1982801,Distal2
B5,Aquatic,Distal_Fin_Rays,545.9556721,Proximal3
B5,Aquatic,Distal_Fin_Rays,487.5611235,Mid-Proximal3
B5,Aquatic,Distal_Fin_Rays,413.2648776,Mid3
B5,Aquatic,Distal_Fin_Rays,377.6021808,Mid-Distal3
B5,Aquatic,Distal_Fin_Rays,348.5015449,Distal3
B5,Aquatic,Distal_Fin_Rays,531.2416923,Proximal4
B5,Aquatic,Distal_Fin_Rays,464.7592867,Mid-Proximal4
B5,Aquatic,Distal_Fin_Rays,444.3554858,Mid4
B5,Aquatic,Distal_Fin_Rays,431.3054015,Mid-Distal4
B5,Aquatic,Distal_Fin_Rays,343.6852104,Distal4
B5,Aquatic,Distal_Fin_Rays,702.2583517,Proximal5
B5,Aquatic,Distal_Fin_Rays,542.3613461,Mid-Proximal5
B5,Aquatic,Distal_Fin_Rays,484.9020081,Mid5
B5,Aquatic,Distal_Fin_Rays,452.2008115,Mid-Distal5
B5,Aquatic,Distal_Fin_Rays,347.4104659,Distal5
B5,Aquatic,Distal_Fin_Rays,836.2486213,Proximal6
B5,Aquatic,Distal_Fin_Rays,746.7561387,Mid-Proximal6
B5,Aquatic,Distal_Fin_Rays,499.0059188,Mid6
B5,Aquatic,Distal_Fin_Rays,470.2316714,Mid-Distal6
B5,Aquatic,Distal_Fin_Rays,396.7116504,Distal6
B5,Aquatic,Distal_Fin_Rays,837.7126934,Proximal7
B5,Aquatic,Distal_Fin_Rays,615.769142,Mid-Proximal7
B5,Aquatic,Distal_Fin_Rays,568.5149776,Mid7
B5,Aquatic,Distal_Fin_Rays,523.7704509,Mid-Distal7
B5,Aquatic,Distal_Fin_Rays,444.99969,Distal7
B5,Aquatic,Distal_Fin_Rays,876.5192565,Proximal8
B5,Aquatic,Distal_Fin_Rays,691.8918541,Mid-Proximal8
B5,Aquatic,Distal_Fin_Rays,603.9434042,Mid8
B5,Aquatic,Distal_Fin_Rays,554.114761,Mid-Distal8
B5,Aquatic,Distal_Fin_Rays,486.0502908,Distal8
B5,Aquatic,Distal_Fin_Rays,662.0386854,Proximal9
B5,Aquatic,Distal_Fin_Rays,624.833047,Mid-Proximal9
B5,Aquatic,Distal_Fin_Rays,589.12094,Mid9
B5,Aquatic,Distal_Fin_Rays,507.3609343,Mid-Distal9
B5,Aquatic,Distal_Fin_Rays,440.5496463,Distal9
B5,Aquatic,Distal_Fin_Rays,642.9837699,Proximal10
B5,Aquatic,Distal_Fin_Rays,581.1264482,Mid-Proximal10
B5,Aquatic,Distal_Fin_Rays,517.8525942,Mid10
B5,Aquatic,Distal_Fin_Rays,522.0817723,Mid-Distal10
B5,Aquatic,Distal_Fin_Rays,445.59199,Distal10
B5,Aquatic,Prop_Metap,1096.988293,propterygium
B5,Aquatic,Prop_Metap,1105.878716,propterygium
B5,Aquatic,Prop_Metap,1048.789877,propterygium
B5,Aquatic,Prop_Metap,1096.985331,propterygium
B5,Aquatic,Prop_Metap,1045.016303,propterygium
B5,Aquatic,Prop_Metap,1193.232216,metapterygium
B5,Aquatic,Prop_Metap,1164.566765,metapterygium
B5,Aquatic,Prop_Metap,1157.19263,metapterygium
B5,Aquatic,Prop_Metap,1150.2808,metapterygium
B5,Aquatic,Prop_Metap,1170.076558,metapterygium
C2,Aquatic,Radials,1795.972755,Dorsal1
C2,Aquatic,Radials,2014.533415,Dorsal1
C2,Aquatic,Radials,1702.511017,Dorsal1
C2,Aquatic,Radials,1361.483066,Dorsal1
C2,Aquatic,Radials,1299.978156,Dorsal1
C2,Aquatic,Radials,2640.536195,Dorsal2
C2,Aquatic,Radials,2376.604252,Dorsal2
C2,Aquatic,Radials,2305.236479,Dorsal2
C2,Aquatic,Radials,2565.862755,Dorsal2
C2,Aquatic,Radials,2543.12336,Dorsal2
C2,Aquatic,Radials,1397.397134,Dorsal3
C2,Aquatic,Radials,1426.907204,Dorsal3
C2,Aquatic,Radials,1463.311391,Dorsal3
C2,Aquatic,Radials,1114.451703,Dorsal3
C2,Aquatic,Radials,1032.666827,Dorsal3
C2,Aquatic,Radials,2108.84024,Dorsal4
C2,Aquatic,Radials,2201.526387,Dorsal4
C2,Aquatic,Radials,2482.110682,Dorsal4
C2,Aquatic,Radials,1644.650999,Dorsal4
C2,Aquatic,Radials,1224.9916,Dorsal4
C2,Aquatic,Radials,1488.12933,Dorsal5
C2,Aquatic,Radials,1378.928671,Dorsal5
C2,Aquatic,Radials,1363.270956,Dorsal5
C2,Aquatic,Radials,1471.761681,Dorsal5
C2,Aquatic,Radials,1576.535139,Dorsal5
C2,Aquatic,Radials,1076.753777,Dorsal6
C2,Aquatic,Radials,1112.470875,Dorsal6
C2,Aquatic,Radials,1229.072666,Dorsal6
C2,Aquatic,Radials,1032.740739,Dorsal6
C2,Aquatic,Radials,1074.999867,Dorsal6
C2,Aquatic,Radials,1364.530906,Ventral5
C2,Aquatic,Radials,1236.917649,Ventral5
C2,Aquatic,Radials,1213.184961,Ventral5
C2,Aquatic,Radials,1352.013565,Ventral5
C2,Aquatic,Radials,1402.034167,Ventral5
C2,Aquatic,Radials,1678.289361,Ventral4
C2,Aquatic,Radials,1677.970102,Ventral4
C2,Aquatic,Radials,1567.013613,Ventral4
C2,Aquatic,Radials,1744.003769,Ventral4
C2,Aquatic,Radials,1845.642613,Ventral4
C2,Aquatic,Radials,2659.884684,Ventral3
C2,Aquatic,Radials,2617.044631,Ventral3
C2,Aquatic,Radials,2546.936809,Ventral3
C2,Aquatic,Radials,2660.99566,Ventral3
C2,Aquatic,Radials,2442.193683,Ventral3
C2,Aquatic,Radials,2857.525132,Ventral2
C2,Aquatic,Radials,2844.410932,Ventral2
C2,Aquatic,Radials,2728.723341,Ventral2
C2,Aquatic,Radials,2819.237642,Ventral2
C2,Aquatic,Radials,2800.055214,Ventral2
C2,Aquatic,Radials,2040.692704,Ventral1
C2,Aquatic,Radials,1813.585572,Ventral1
C2,Aquatic,Radials,1580.547476,Ventral1
C2,Aquatic,Radials,2133.052105,Ventral1
C2,Aquatic,Radials,2231.690334,Ventral1
C2,Aquatic,Proximal_Fin_Rays,2599.489214,Dorsal1
C2,Aquatic,Proximal_Fin_Rays,3568.465448,Dorsal1
C2,Aquatic,Proximal_Fin_Rays,3671.333526,Dorsal1
C2,Aquatic,Proximal_Fin_Rays,3428.321604,Dorsal1
C2,Aquatic,Proximal_Fin_Rays,4088.949512,Dorsal1
C2,Aquatic,Proximal_Fin_Rays,3808.661823,Dorsal2
C2,Aquatic,Proximal_Fin_Rays,3760.795213,Dorsal2
C2,Aquatic,Proximal_Fin_Rays,5122.014294,Dorsal2
C2,Aquatic,Proximal_Fin_Rays,3877.165862,Dorsal2
C2,Aquatic,Proximal_Fin_Rays,3746.140966,Dorsal2
C2,Aquatic,Proximal_Fin_Rays,3926.641247,Dorsal3
C2,Aquatic,Proximal_Fin_Rays,3940.052245,Dorsal3
C2,Aquatic,Proximal_Fin_Rays,3867.183013,Dorsal3
C2,Aquatic,Proximal_Fin_Rays,3535.253277,Dorsal3
C2,Aquatic,Proximal_Fin_Rays,3418.613091,Dorsal3
C2,Aquatic,Proximal_Fin_Rays,4402.590092,Dorsal4
C2,Aquatic,Proximal_Fin_Rays,4544.288957,Dorsal4
C2,Aquatic,Proximal_Fin_Rays,4405.776925,Dorsal4
C2,Aquatic,Proximal_Fin_Rays,3870.312252,Dorsal4
C2,Aquatic,Proximal_Fin_Rays,3700.488629,Dorsal4
C2,Aquatic,Proximal_Fin_Rays,6266.202394,Dorsal5
C2,Aquatic,Proximal_Fin_Rays,6408.223398,Dorsal5
C2,Aquatic,Proximal_Fin_Rays,6686.633927,Dorsal5
C2,Aquatic,Proximal_Fin_Rays,5941.119933,Dorsal5
C2,Aquatic,Proximal_Fin_Rays,5775.314982,Dorsal5
C2,Aquatic,Proximal_Fin_Rays,8153.245978,Ventral5
C2,Aquatic,Proximal_Fin_Rays,7772.414296,Ventral5
C2,Aquatic,Proximal_Fin_Rays,7501.324075,Ventral5
C2,Aquatic,Proximal_Fin_Rays,8225.220209,Ventral5
C2,Aquatic,Proximal_Fin_Rays,8092.127328,Ventral5
C2,Aquatic,Proximal_Fin_Rays,8654.043287,Ventral4
C2,Aquatic,Proximal_Fin_Rays,7694.38182,Ventral4
C2,Aquatic,Proximal_Fin_Rays,7483.578025,Ventral4
C2,Aquatic,Proximal_Fin_Rays,9528.976858,Ventral4
C2,Aquatic,Proximal_Fin_Rays,9270.382669,Ventral4
C2,Aquatic,Proximal_Fin_Rays,8317.230019,Ventral3
C2,Aquatic,Proximal_Fin_Rays,8116.037212,Ventral3
C2,Aquatic,Proximal_Fin_Rays,8644.808192,Ventral3
C2,Aquatic,Proximal_Fin_Rays,8784.504152,Ventral3
C2,Aquatic,Proximal_Fin_Rays,9231.023366,Ventral3
C2,Aquatic,Proximal_Fin_Rays,5842.456171,Ventral2
C2,Aquatic,Proximal_Fin_Rays,6050.739296,Ventral2
C2,Aquatic,Proximal_Fin_Rays,6276.722781,Ventral2
C2,Aquatic,Proximal_Fin_Rays,6052.518355,Ventral2
C2,Aquatic,Proximal_Fin_Rays,6025.615728,Ventral2
C2,Aquatic,Proximal_Fin_Rays,6024.198356,Ventral1
C2,Aquatic,Proximal_Fin_Rays,5956.862118,Ventral1
C2,Aquatic,Proximal_Fin_Rays,6076.03238,Ventral1
C2,Aquatic,Proximal_Fin_Rays,6317.812572,Ventral1
C2,Aquatic,Proximal_Fin_Rays,6253.08397,Ventral1
C2,Aquatic,Distal_Fin_Rays,2498.243734,Proximal1
C2,Aquatic,Distal_Fin_Rays,2566.609741,Mid-Proximal1
C2,Aquatic,Distal_Fin_Rays,1108.397105,Mid1
C2,Aquatic,Distal_Fin_Rays,1364.175555,Mid-Distal1
C2,Aquatic,Distal_Fin_Rays,1410.6342,Distal1
C2,Aquatic,Distal_Fin_Rays,1530.620368,Proximal2
C2,Aquatic,Distal_Fin_Rays,809.9738428,Mid-Proximal2
C2,Aquatic,Distal_Fin_Rays,609.830579,Mid2
C2,Aquatic,Distal_Fin_Rays,1095.214561,Mid-Distal2
C2,Aquatic,Distal_Fin_Rays,915.1393195,Distal2
C2,Aquatic,Distal_Fin_Rays,2395.794744,Proximal3
C2,Aquatic,Distal_Fin_Rays,2951.328591,Mid-Proximal3
C2,Aquatic,Distal_Fin_Rays,1451.440248,Mid3
C2,Aquatic,Distal_Fin_Rays,1022.378157,Mid-Distal3
C2,Aquatic,Distal_Fin_Rays,422.7160853,Distal3
C2,Aquatic,Distal_Fin_Rays,1218.003606,Proximal4
C2,Aquatic,Distal_Fin_Rays,1606.873977,Mid-Proximal4
C2,Aquatic,Distal_Fin_Rays,1405.402803,Mid4
C2,Aquatic,Distal_Fin_Rays,724.6492789,Mid-Distal4
C2,Aquatic,Distal_Fin_Rays,470.3265968,Distal4
C2,Aquatic,Distal_Fin_Rays,2373.595191,Proximal5
C2,Aquatic,Distal_Fin_Rays,1904.47807,Mid-Proximal5
C2,Aquatic,Distal_Fin_Rays,1486.209551,Mid5
C2,Aquatic,Distal_Fin_Rays,1116.524104,Mid-Distal5
C2,Aquatic,Distal_Fin_Rays,438.3943419,Distal5
C2,Aquatic,Distal_Fin_Rays,4958.367751,Proximal6
C2,Aquatic,Distal_Fin_Rays,4480.840271,Mid-Proximal6
C2,Aquatic,Distal_Fin_Rays,3341.712132,Mid6
C2,Aquatic,Distal_Fin_Rays,2955.096157,Mid-Distal6
C2,Aquatic,Distal_Fin_Rays,1964.170325,Distal6
C2,Aquatic,Distal_Fin_Rays,4860.353066,Proximal7
C2,Aquatic,Distal_Fin_Rays,5168.476778,Mid-Proximal7
C2,Aquatic,Distal_Fin_Rays,3877.261851,Mid7
C2,Aquatic,Distal_Fin_Rays,2618.860549,Mid-Distal7
C2,Aquatic,Distal_Fin_Rays,2375.48291,Distal7
C2,Aquatic,Distal_Fin_Rays,5468.031558,Proximal8
C2,Aquatic,Distal_Fin_Rays,3987.905032,Mid-Proximal8
C2,Aquatic,Distal_Fin_Rays,3836.818449,Mid8
C2,Aquatic,Distal_Fin_Rays,2537.016352,Mid-Distal8
C2,Aquatic,Distal_Fin_Rays,1989.519467,Distal8
C2,Aquatic,Distal_Fin_Rays,4447.916067,Proximal9
C2,Aquatic,Distal_Fin_Rays,3560.703975,Mid-Proximal9
C2,Aquatic,Distal_Fin_Rays,2643.228108,Mid9
C2,Aquatic,Distal_Fin_Rays,2699.837582,Mid-Distal9
C2,Aquatic,Distal_Fin_Rays,2209.646091,Distal9
C2,Aquatic,Distal_Fin_Rays,5078.670107,Proximal10
C2,Aquatic,Distal_Fin_Rays,3235.806197,Mid-Proximal10
C2,Aquatic,Distal_Fin_Rays,2253.225067,Mid10
C2,Aquatic,Distal_Fin_Rays,2408.487169,Mid-Distal10
C2,Aquatic,Distal_Fin_Rays,2002.809135,Distal10
C2,Aquatic,Prop_Metap,6686.373989,propterygium
C2,Aquatic,Prop_Metap,6328.347358,propterygium
C2,Aquatic,Prop_Metap,6742.696072,propterygium
C2,Aquatic,Prop_Metap,10071.23006,propterygium
C2,Aquatic,Prop_Metap,9889.75722,propterygium
C2,Aquatic,Prop_Metap,10142.07565,metapterygium
C2,Aquatic,Prop_Metap,10125.32558,metapterygium
C2,Aquatic,Prop_Metap,9599.523158,metapterygium
C2,Aquatic,Prop_Metap,6724.718881,metapterygium
C2,Aquatic,Prop_Metap,6165.482933,metapterygium
bluered,Terrestrial,Radials,5276.947314,Dorsal1
bluered,Terrestrial,Radials,4856.128278,Dorsal1
bluered,Terrestrial,Radials,5095.094021,Dorsal1
bluered,Terrestrial,Radials,5257.28229,Dorsal1
bluered,Terrestrial,Radials,5538.355683,Dorsal1
bluered,Terrestrial,Radials,5948.371378,Dorsal2
bluered,Terrestrial,Radials,5807.541342,Dorsal2
bluered,Terrestrial,Radials,5686.062696,Dorsal2
bluered,Terrestrial,Radials,6088.31463,Dorsal2
bluered,Terrestrial,Radials,6065.870773,Dorsal2
bluered,Terrestrial,Radials,7622.497211,Dorsal3
bluered,Terrestrial,Radials,7492.134743,Dorsal3
bluered,Terrestrial,Radials,7697.933234,Dorsal3
bluered,Terrestrial,Radials,8329.28724,Dorsal3
bluered,Terrestrial,Radials,8027.108161,Dorsal3
bluered,Terrestrial,Radials,7402.384325,Dorsal4
bluered,Terrestrial,Radials,7433.514804,Dorsal4
bluered,Terrestrial,Radials,7178.698887,Dorsal4
bluered,Terrestrial,Radials,7312.210399,Dorsal4
bluered,Terrestrial,Radials,7107.69473,Dorsal4
bluered,Terrestrial,Radials,7816.56868,Dorsal5
bluered,Terrestrial,Radials,7872.608626,Dorsal5
bluered,Terrestrial,Radials,7660.373884,Dorsal5
bluered,Terrestrial,Radials,7665.708113,Dorsal5
bluered,Terrestrial,Radials,7695.667284,Dorsal5
bluered,Terrestrial,Radials,7881.237441,Dorsal6
bluered,Terrestrial,Radials,7629.212657,Dorsal6
bluered,Terrestrial,Radials,7642.319666,Dorsal6
bluered,Terrestrial,Radials,8228.244377,Dorsal6
bluered,Terrestrial,Radials,7781.4774,Dorsal6
bluered,Terrestrial,Radials,8268.97778,Dorsal7
bluered,Terrestrial,Radials,8020.878129,Dorsal7
bluered,Terrestrial,Radials,7916.948608,Dorsal7
bluered,Terrestrial,Radials,8065.189413,Dorsal7
bluered,Terrestrial,Radials,8079.685429,Dorsal7
bluered,Terrestrial,Radials,7600.154619,Ventral6
bluered,Terrestrial,Radials,7742.39088,Ventral6
bluered,Terrestrial,Radials,7674.901468,Ventral6
bluered,Terrestrial,Radials,7749.728264,Ventral6
bluered,Terrestrial,Radials,7521.757732,Ventral6
bluered,Terrestrial,Radials,8698.502706,Ventral5
bluered,Terrestrial,Radials,8317.194108,Ventral5
bluered,Terrestrial,Radials,8594.85443,Ventral5
bluered,Terrestrial,Radials,8120.115448,Ventral5
bluered,Terrestrial,Radials,8850.793278,Ventral5
bluered,Terrestrial,Radials,9613.11037,Ventral4
bluered,Terrestrial,Radials,9609.650972,Ventral4
bluered,Terrestrial,Radials,9547.888138,Ventral4
bluered,Terrestrial,Radials,9688.270887,Ventral4
bluered,Terrestrial,Radials,9681.658346,Ventral4
bluered,Terrestrial,Radials,10881.32603,Ventral3
bluered,Terrestrial,Radials,10868.90533,Ventral3
bluered,Terrestrial,Radials,10756.23589,Ventral3
bluered,Terrestrial,Radials,10639.08784,Ventral3
bluered,Terrestrial,Radials,10789.18257,Ventral3
bluered,Terrestrial,Radials,11140.7456,Ventral2
bluered,Terrestrial,Radials,10896.13076,Ventral2
bluered,Terrestrial,Radials,11323.94772,Ventral2
bluered,Terrestrial,Radials,10863.61702,Ventral2
bluered,Terrestrial,Radials,10904.51441,Ventral2
bluered,Terrestrial,Radials,9342.220431,Ventral1
bluered,Terrestrial,Radials,9457.424357,Ventral1
bluered,Terrestrial,Radials,9167.979616,Ventral1
bluered,Terrestrial,Radials,9332.029188,Ventral1
bluered,Terrestrial,Radials,9395.52992,Ventral1
bluered,Terrestrial,Proximal_Fin_Rays,10732.57931,Dorsal1
bluered,Terrestrial,Proximal_Fin_Rays,11177.6334,Dorsal1
bluered,Terrestrial,Proximal_Fin_Rays,11997.50285,Dorsal1
bluered,Terrestrial,Proximal_Fin_Rays,11960.05378,Dorsal1
bluered,Terrestrial,Proximal_Fin_Rays,12708.16922,Dorsal1
bluered,Terrestrial,Proximal_Fin_Rays,12383.98373,Dorsal2
bluered,Terrestrial,Proximal_Fin_Rays,12418.66094,Dorsal2
bluered,Terrestrial,Proximal_Fin_Rays,12799.73585,Dorsal2
bluered,Terrestrial,Proximal_Fin_Rays,12722.74191,Dorsal2
bluered,Terrestrial,Proximal_Fin_Rays,12485.73258,Dorsal2
bluered,Terrestrial,Proximal_Fin_Rays,13979.0727,Dorsal3
bluered,Terrestrial,Proximal_Fin_Rays,13906.40404,Dorsal3
bluered,Terrestrial,Proximal_Fin_Rays,13758.67529,Dorsal3
bluered,Terrestrial,Proximal_Fin_Rays,13923.85559,Dorsal3
bluered,Terrestrial,Proximal_Fin_Rays,13775.20644,Dorsal3
bluered,Terrestrial,Proximal_Fin_Rays,15767.82563,Dorsal4
bluered,Terrestrial,Proximal_Fin_Rays,15950.16351,Dorsal4
bluered,Terrestrial,Proximal_Fin_Rays,15084.39165,Dorsal4
bluered,Terrestrial,Proximal_Fin_Rays,15390.36877,Dorsal4
bluered,Terrestrial,Proximal_Fin_Rays,16703.84605,Dorsal4
bluered,Terrestrial,Proximal_Fin_Rays,16938.84853,Dorsal5
bluered,Terrestrial,Proximal_Fin_Rays,16518.18119,Dorsal5
bluered,Terrestrial,Proximal_Fin_Rays,17174.64432,Dorsal5
bluered,Terrestrial,Proximal_Fin_Rays,17151.69824,Dorsal5
bluered,Terrestrial,Proximal_Fin_Rays,16312.96241,Dorsal5
bluered,Terrestrial,Proximal_Fin_Rays,15797.82005,Ventral5
bluered,Terrestrial,Proximal_Fin_Rays,15553.94154,Ventral5
bluered,Terrestrial,Proximal_Fin_Rays,14593.08381,Ventral5
bluered,Terrestrial,Proximal_Fin_Rays,15406.97905,Ventral5
bluered,Terrestrial,Proximal_Fin_Rays,14174.65658,Ventral5
bluered,Terrestrial,Proximal_Fin_Rays,16302.67318,Ventral4
bluered,Terrestrial,Proximal_Fin_Rays,16212.64193,Ventral4
bluered,Terrestrial,Proximal_Fin_Rays,16319.84307,Ventral4
bluered,Terrestrial,Proximal_Fin_Rays,16289.33945,Ventral4
bluered,Terrestrial,Proximal_Fin_Rays,16479.02169,Ventral4
bluered,Terrestrial,Proximal_Fin_Rays,17608.36169,Ventral3
bluered,Terrestrial,Proximal_Fin_Rays,17533.92888,Ventral3
bluered,Terrestrial,Proximal_Fin_Rays,17166.41564,Ventral3
bluered,Terrestrial,Proximal_Fin_Rays,17186.60175,Ventral3
bluered,Terrestrial,Proximal_Fin_Rays,17548.89596,Ventral3
bluered,Terrestrial,Proximal_Fin_Rays,17366.09808,Ventral2
bluered,Terrestrial,Proximal_Fin_Rays,17317.37871,Ventral2
bluered,Terrestrial,Proximal_Fin_Rays,17464.23952,Ventral2
bluered,Terrestrial,Proximal_Fin_Rays,17416.70007,Ventral2
bluered,Terrestrial,Proximal_Fin_Rays,17408.46196,Ventral2
bluered,Terrestrial,Proximal_Fin_Rays,19492.36939,Ventral1
bluered,Terrestrial,Proximal_Fin_Rays,19992.89438,Ventral1
bluered,Terrestrial,Proximal_Fin_Rays,20767.07378,Ventral1
bluered,Terrestrial,Proximal_Fin_Rays,19668.56089,Ventral1
bluered,Terrestrial,Proximal_Fin_Rays,20652.00433,Ventral1
bluered,Terrestrial,Distal_Fin_Rays,7046.611641,Proximal1
bluered,Terrestrial,Distal_Fin_Rays,5732.118438,Mid-Proximal1
bluered,Terrestrial,Distal_Fin_Rays,4957.669265,Mid1
bluered,Terrestrial,Distal_Fin_Rays,3534.777777,Mid-Distal1
bluered,Terrestrial,Distal_Fin_Rays,2078.965025,Distal1
bluered,Terrestrial,Distal_Fin_Rays,8802.37196,Proximal2
bluered,Terrestrial,Distal_Fin_Rays,5125.350426,Mid-Proximal2
bluered,Terrestrial,Distal_Fin_Rays,4393.948984,Mid2
bluered,Terrestrial,Distal_Fin_Rays,4329.172399,Mid-Distal2
bluered,Terrestrial,Distal_Fin_Rays,2592.778638,Distal2
bluered,Terrestrial,Distal_Fin_Rays,9077.068959,Proximal3
bluered,Terrestrial,Distal_Fin_Rays,7577.17697,Mid-Proximal3
bluered,Terrestrial,Distal_Fin_Rays,5775.71267,Mid3
bluered,Terrestrial,Distal_Fin_Rays,5034.042499,Mid-Distal3
bluered,Terrestrial,Distal_Fin_Rays,3907.550626,Distal3
bluered,Terrestrial,Distal_Fin_Rays,11379.11523,Proximal4
bluered,Terrestrial,Distal_Fin_Rays,8951.945195,Mid-Proximal4
bluered,Terrestrial,Distal_Fin_Rays,6874.728202,Mid4
bluered,Terrestrial,Distal_Fin_Rays,5447.944789,Mid-Distal4
bluered,Terrestrial,Distal_Fin_Rays,4502.060284,Distal4
bluered,Terrestrial,Distal_Fin_Rays,12130.65112,Proximal5
bluered,Terrestrial,Distal_Fin_Rays,6695.761977,Mid-Proximal5
bluered,Terrestrial,Distal_Fin_Rays,4845.232693,Mid5
bluered,Terrestrial,Distal_Fin_Rays,4697.742968,Mid-Distal5
bluered,Terrestrial,Distal_Fin_Rays,3653.786304,Distal5
bluered,Terrestrial,Distal_Fin_Rays,12705.17187,Proximal6
bluered,Terrestrial,Distal_Fin_Rays,10967.35303,Mid-Proximal6
bluered,Terrestrial,Distal_Fin_Rays,7619.121859,Mid6
bluered,Terrestrial,Distal_Fin_Rays,5089.477317,Mid-Distal6
bluered,Terrestrial,Distal_Fin_Rays,4091.27424,Distal6
bluered,Terrestrial,Distal_Fin_Rays,12550.64487,Proximal7
bluered,Terrestrial,Distal_Fin_Rays,6780.10027,Mid-Proximal7
bluered,Terrestrial,Distal_Fin_Rays,6024.109145,Mid7
bluered,Terrestrial,Distal_Fin_Rays,3685.580947,Mid-Distal7
bluered,Terrestrial,Distal_Fin_Rays,3206.028408,Distal7
bluered,Terrestrial,Distal_Fin_Rays,11976.58124,Proximal8
bluered,Terrestrial,Distal_Fin_Rays,7631.399072,Mid-Proximal8
bluered,Terrestrial,Distal_Fin_Rays,6753.283584,Mid8
bluered,Terrestrial,Distal_Fin_Rays,5701.16507,Mid-Distal8
bluered,Terrestrial,Distal_Fin_Rays,4346.383291,Distal8
bluered,Terrestrial,Distal_Fin_Rays,10631.97513,Proximal9
bluered,Terrestrial,Distal_Fin_Rays,6818.595191,Mid-Proximal9
bluered,Terrestrial,Distal_Fin_Rays,5119.487735,Mid9
bluered,Terrestrial,Distal_Fin_Rays,4262.209399,Mid-Distal9
bluered,Terrestrial,Distal_Fin_Rays,3469.542017,Distal9
bluered,Terrestrial,Distal_Fin_Rays,9197.437793,Proximal10
bluered,Terrestrial,Distal_Fin_Rays,7351.811851,Mid-Proximal10
bluered,Terrestrial,Distal_Fin_Rays,4991.492482,Mid10
bluered,Terrestrial,Distal_Fin_Rays,3836.651833,Mid-Distal10
bluered,Terrestrial,Distal_Fin_Rays,3753.509446,Distal10
bluered,Terrestrial,Prop_Metap,13316.74278,propterygium
bluered,Terrestrial,Prop_Metap,13545.23112,propterygium
bluered,Terrestrial,Prop_Metap,13854.74143,propterygium
bluered,Terrestrial,Prop_Metap,13323.82885,propterygium
bluered,Terrestrial,Prop_Metap,13145.43905,propterygium
bluered,Terrestrial,Prop_Metap,16357.33437,metapterygium
bluered,Terrestrial,Prop_Metap,16240.69347,metapterygium
bluered,Terrestrial,Prop_Metap,16301.73843,metapterygium
bluered,Terrestrial,Prop_Metap,17569.23294,metapterygium
bluered,Terrestrial,Prop_Metap,17429.97107,metapterygium
gror,Terrestrial,Radials,432.9043336,Dorsal1
gror,Terrestrial,Radials,425.0070064,Dorsal1
gror,Terrestrial,Radials,483.7880044,Dorsal1
gror,Terrestrial,Radials,475.8044118,Dorsal1
gror,Terrestrial,Radials,462.3818759,Dorsal1
gror,Terrestrial,Radials,595.2517569,Dorsal2
gror,Terrestrial,Radials,567.2534668,Dorsal2
gror,Terrestrial,Radials,535.1446735,Dorsal2
gror,Terrestrial,Radials,619.6150441,Dorsal2
gror,Terrestrial,Radials,614.815133,Dorsal2
gror,Terrestrial,Radials,591.8182781,Dorsal3
gror,Terrestrial,Radials,575.3921814,Dorsal3
gror,Terrestrial,Radials,549.1776267,Dorsal3
gror,Terrestrial,Radials,604.7080629,Dorsal3
gror,Terrestrial,Radials,656.3000221,Dorsal3
gror,Terrestrial,Radials,744.6748304,Dorsal4
gror,Terrestrial,Radials,764.9141585,Dorsal4
gror,Terrestrial,Radials,767.6994803,Dorsal4
gror,Terrestrial,Radials,739.735629,Dorsal4
gror,Terrestrial,Radials,705.317792,Dorsal4
gror,Terrestrial,Radials,657.3805151,Dorsal5
gror,Terrestrial,Radials,652.5447775,Dorsal5
gror,Terrestrial,Radials,650.6397281,Dorsal5
gror,Terrestrial,Radials,613.2473238,Dorsal5
gror,Terrestrial,Radials,566.7593385,Dorsal5
gror,Terrestrial,Radials,677.994697,Dorsal6
gror,Terrestrial,Radials,681.3817317,Dorsal6
gror,Terrestrial,Radials,677.6918537,Dorsal6
gror,Terrestrial,Radials,654.2079769,Dorsal6
gror,Terrestrial,Radials,641.9113899,Dorsal6
gror,Terrestrial,Radials,571.4920539,Dorsal7
gror,Terrestrial,Radials,573.7267744,Dorsal7
gror,Terrestrial,Radials,557.9826639,Dorsal7
gror,Terrestrial,Radials,610.7816863,Dorsal7
gror,Terrestrial,Radials,653.3061959,Dorsal7
gror,Terrestrial,Radials,584.91726,Ventral7
gror,Terrestrial,Radials,570.0901735,Ventral7
gror,Terrestrial,Radials,559.3093801,Ventral7
gror,Terrestrial,Radials,526.3477729,Ventral7
gror,Terrestrial,Radials,552.622459,Ventral7
gror,Terrestrial,Radials,601.0618537,Ventral6
gror,Terrestrial,Radials,598.3175305,Ventral6
gror,Terrestrial,Radials,606.7784104,Ventral6
gror,Terrestrial,Radials,578.3001207,Ventral6
gror,Terrestrial,Radials,572.61897,Ventral6
gror,Terrestrial,Radials,613.1780045,Ventral5
gror,Terrestrial,Radials,599.7930822,Ventral5
gror,Terrestrial,Radials,604.1844576,Ventral5
gror,Terrestrial,Radials,641.6849933,Ventral5
gror,Terrestrial,Radials,641.8003572,Ventral5
gror,Terrestrial,Radials,657.1179556,Ventral4
gror,Terrestrial,Radials,643.4801873,Ventral4
gror,Terrestrial,Radials,616.2497912,Ventral4
gror,Terrestrial,Radials,653.4033522,Ventral4
gror,Terrestrial,Radials,670.4879712,Ventral4
gror,Terrestrial,Radials,766.7133683,Ventral3
gror,Terrestrial,Radials,723.2682814,Ventral3
gror,Terrestrial,Radials,699.8349907,Ventral3
gror,Terrestrial,Radials,846.0190661,Ventral3
gror,Terrestrial,Radials,807.901238,Ventral3
gror,Terrestrial,Radials,816.6065539,Ventral2
gror,Terrestrial,Radials,816.0750643,Ventral2
gror,Terrestrial,Radials,820.6660926,Ventral2
gror,Terrestrial,Radials,866.8122754,Ventral2
gror,Terrestrial,Radials,858.2459764,Ventral2
gror,Terrestrial,Radials,848.8500751,Ventral1
gror,Terrestrial,Radials,847.087659,Ventral1
gror,Terrestrial,Radials,861.6366905,Ventral1
gror,Terrestrial,Radials,814.5977885,Ventral1
gror,Terrestrial,Radials,812.76004,Ventral1
gror,Terrestrial,Proximal_Fin_Rays,666.9180615,Dorsal1
gror,Terrestrial,Proximal_Fin_Rays,599.9063016,Dorsal1
gror,Terrestrial,Proximal_Fin_Rays,569.1625739,Dorsal1
gror,Terrestrial,Proximal_Fin_Rays,696.147993,Dorsal1
gror,Terrestrial,Proximal_Fin_Rays,671.4804748,Dorsal1
gror,Terrestrial,Proximal_Fin_Rays,839.2280084,Dorsal2
gror,Terrestrial,Proximal_Fin_Rays,854.8731966,Dorsal2
gror,Terrestrial,Proximal_Fin_Rays,829.7615264,Dorsal2
gror,Terrestrial,Proximal_Fin_Rays,769.827289,Dorsal2
gror,Terrestrial,Proximal_Fin_Rays,699.7353745,Dorsal2
gror,Terrestrial,Proximal_Fin_Rays,817.273297,Dorsal3
gror,Terrestrial,Proximal_Fin_Rays,780.0848347,Dorsal3
gror,Terrestrial,Proximal_Fin_Rays,776.9544514,Dorsal3
gror,Terrestrial,Proximal_Fin_Rays,818.8338106,Dorsal3
gror,Terrestrial,Proximal_Fin_Rays,807.9382209,Dorsal3
gror,Terrestrial,Proximal_Fin_Rays,864.682217,Dorsal4
gror,Terrestrial,Proximal_Fin_Rays,905.6715061,Dorsal4
gror,Terrestrial,Proximal_Fin_Rays,931.0649736,Dorsal4
gror,Terrestrial,Proximal_Fin_Rays,902.9686441,Dorsal4
gror,Terrestrial,Proximal_Fin_Rays,909.51207,Dorsal4
gror,Terrestrial,Proximal_Fin_Rays,946.9107818,Dorsal5
gror,Terrestrial,Proximal_Fin_Rays,937.6983442,Dorsal5
gror,Terrestrial,Proximal_Fin_Rays,941.7982087,Dorsal5
gror,Terrestrial,Proximal_Fin_Rays,949.9068366,Dorsal5
gror,Terrestrial,Proximal_Fin_Rays,921.0220506,Dorsal5
gror,Terrestrial,Proximal_Fin_Rays,859.883273,Ventral5
gror,Terrestrial,Proximal_Fin_Rays,865.0659223,Ventral5
gror,Terrestrial,Proximal_Fin_Rays,856.9327582,Ventral5
gror,Terrestrial,Proximal_Fin_Rays,863.3383655,Ventral5
gror,Terrestrial,Proximal_Fin_Rays,869.9016599,Ventral5
gror,Terrestrial,Proximal_Fin_Rays,849.2373756,Ventral4
gror,Terrestrial,Proximal_Fin_Rays,867.769373,Ventral4
gror,Terrestrial,Proximal_Fin_Rays,870.5326606,Ventral4
gror,Terrestrial,Proximal_Fin_Rays,844.1027894,Ventral4
gror,Terrestrial,Proximal_Fin_Rays,833.6203609,Ventral4
gror,Terrestrial,Proximal_Fin_Rays,892.8220051,Ventral3
gror,Terrestrial,Proximal_Fin_Rays,870.2328028,Ventral3
gror,Terrestrial,Proximal_Fin_Rays,830.4003273,Ventral3
gror,Terrestrial,Proximal_Fin_Rays,866.4749301,Ventral3
gror,Terrestrial,Proximal_Fin_Rays,933.9622112,Ventral3
gror,Terrestrial,Proximal_Fin_Rays,1197.449634,Ventral2
gror,Terrestrial,Proximal_Fin_Rays,1184.554341,Ventral2
gror,Terrestrial,Proximal_Fin_Rays,1197.871541,Ventral2
gror,Terrestrial,Proximal_Fin_Rays,1220.221059,Ventral2
gror,Terrestrial,Proximal_Fin_Rays,1196.434844,Ventral2
gror,Terrestrial,Proximal_Fin_Rays,845.0295901,Ventral1
gror,Terrestrial,Proximal_Fin_Rays,806.4238361,Ventral1
gror,Terrestrial,Proximal_Fin_Rays,861.0755557,Ventral1
gror,Terrestrial,Proximal_Fin_Rays,838.9139378,Ventral1
gror,Terrestrial,Proximal_Fin_Rays,785.958679,Ventral1
gror,Terrestrial,Distal_Fin_Rays,466.2601795,Proximal1
gror,Terrestrial,Distal_Fin_Rays,459.9632081,Mid-Proximal1
gror,Terrestrial,Distal_Fin_Rays,323.111833,Mid1
gror,Terrestrial,Distal_Fin_Rays,320.399615,Mid-Distal1
gror,Terrestrial,Distal_Fin_Rays,202.9921102,Distal1
gror,Terrestrial,Distal_Fin_Rays,592.7210262,Proximal2
gror,Terrestrial,Distal_Fin_Rays,489.4870474,Mid-Proximal2
gror,Terrestrial,Distal_Fin_Rays,474.721522,Mid2
gror,Terrestrial,Distal_Fin_Rays,452.4031631,Mid-Distal2
gror,Terrestrial,Distal_Fin_Rays,430.2255242,Distal2
gror,Terrestrial,Distal_Fin_Rays,549.7106721,Proximal3
gror,Terrestrial,Distal_Fin_Rays,489.4191578,Mid-Proximal3
gror,Terrestrial,Distal_Fin_Rays,482.3190335,Mid3
gror,Terrestrial,Distal_Fin_Rays,482.5397954,Mid-Distal3
gror,Terrestrial,Distal_Fin_Rays,449.846004,Distal3
gror,Terrestrial,Distal_Fin_Rays,710.9986064,Proximal4
gror,Terrestrial,Distal_Fin_Rays,580.4062526,Mid-Proximal4
gror,Terrestrial,Distal_Fin_Rays,554.4430091,Mid4
gror,Terrestrial,Distal_Fin_Rays,464.5354401,Mid-Distal4
gror,Terrestrial,Distal_Fin_Rays,400.7212171,Distal4
gror,Terrestrial,Distal_Fin_Rays,660.0940578,Proximal5
gror,Terrestrial,Distal_Fin_Rays,500.5529181,Mid-Proximal5
gror,Terrestrial,Distal_Fin_Rays,485.1408756,Mid5
gror,Terrestrial,Distal_Fin_Rays,486.1420625,Mid-Distal5
gror,Terrestrial,Distal_Fin_Rays,434.1438803,Distal5
gror,Terrestrial,Distal_Fin_Rays,625.2021503,Proximal6
gror,Terrestrial,Distal_Fin_Rays,505.4359619,Mid-Proximal6
gror,Terrestrial,Distal_Fin_Rays,514.9234689,Mid6
gror,Terrestrial,Distal_Fin_Rays,429.2878116,Mid-Distal6
gror,Terrestrial,Distal_Fin_Rays,352.570579,Distal6
gror,Terrestrial,Distal_Fin_Rays,627.6990308,Proximal7
gror,Terrestrial,Distal_Fin_Rays,479.6593778,Mid-Proximal7
gror,Terrestrial,Distal_Fin_Rays,493.5708909,Mid7
gror,Terrestrial,Distal_Fin_Rays,381.7251782,Mid-Distal7
gror,Terrestrial,Distal_Fin_Rays,304.0239782,Distal7
gror,Terrestrial,Distal_Fin_Rays,726.3240471,Proximal8
gror,Terrestrial,Distal_Fin_Rays,576.9539775,Mid-Proximal8
gror,Terrestrial,Distal_Fin_Rays,498.3452988,Mid8
gror,Terrestrial,Distal_Fin_Rays,410.2860749,Mid-Distal8
gror,Terrestrial,Distal_Fin_Rays,415.028693,Distal8
gror,Terrestrial,Distal_Fin_Rays,869.4864172,Proximal9
gror,Terrestrial,Distal_Fin_Rays,839.2299217,Mid-Proximal9
gror,Terrestrial,Distal_Fin_Rays,657.7974398,Mid9
gror,Terrestrial,Distal_Fin_Rays,536.3674843,Mid-Distal9
gror,Terrestrial,Distal_Fin_Rays,441.9291656,Distal9
gror,Terrestrial,Distal_Fin_Rays,385.5937683,Proximal10
gror,Terrestrial,Distal_Fin_Rays,416.9629881,Mid-Proximal10
gror,Terrestrial,Distal_Fin_Rays,341.7988053,Mid10
gror,Terrestrial,Distal_Fin_Rays,353.6778999,Mid-Distal10
gror,Terrestrial,Distal_Fin_Rays,294.1247396,Distal10
gror,Terrestrial,Prop_Metap,933.2341384,propterygium
gror,Terrestrial,Prop_Metap,910.977761,propterygium
gror,Terrestrial,Prop_Metap,874.1107911,propterygium
gror,Terrestrial,Prop_Metap,927.8770241,propterygium
gror,Terrestrial,Prop_Metap,991.4626639,propterygium
gror,Terrestrial,Prop_Metap,1218.31847,metapterygium
gror,Terrestrial,Prop_Metap,1199.793516,metapterygium
gror,Terrestrial,Prop_Metap,1181.016263,metapterygium
gror,Terrestrial,Prop_Metap,1230.640224,metapterygium
gror,Terrestrial,Prop_Metap,1230.210053,metapterygium
orgwht,Terrestrial,Radials,405.7363703,Dorsal1
orgwht,Terrestrial,Radials,410.632075,Dorsal1
orgwht,Terrestrial,Radials,389.2944508,Dorsal1
orgwht,Terrestrial,Radials,398.8796157,Dorsal1
orgwht,Terrestrial,Radials,409.2758922,Dorsal1
orgwht,Terrestrial,Radials,533.4737607,Dorsal2
orgwht,Terrestrial,Radials,537.6089054,Dorsal2
orgwht,Terrestrial,Radials,517.8350899,Dorsal2
orgwht,Terrestrial,Radials,475.836618,Dorsal2
orgwht,Terrestrial,Radials,443.1597675,Dorsal2
orgwht,Terrestrial,Radials,468.8381965,Dorsal3
orgwht,Terrestrial,Radials,442.5174979,Dorsal3
orgwht,Terrestrial,Radials,462.357724,Dorsal3
orgwht,Terrestrial,Radials,480.5570255,Dorsal3
orgwht,Terrestrial,Radials,458.7051447,Dorsal3
orgwht,Terrestrial,Radials,545.119724,Dorsal4
orgwht,Terrestrial,Radials,537.0624264,Dorsal4
orgwht,Terrestrial,Radials,540.8853088,Dorsal4
orgwht,Terrestrial,Radials,512.6126454,Dorsal4
orgwht,Terrestrial,Radials,501.7177585,Dorsal4
orgwht,Terrestrial,Radials,522.8958912,Dorsal5
orgwht,Terrestrial,Radials,490.8913277,Dorsal5
orgwht,Terrestrial,Radials,499.3109877,Dorsal5
orgwht,Terrestrial,Radials,508.8156631,Dorsal5
orgwht,Terrestrial,Radials,515.6414969,Dorsal5
orgwht,Terrestrial,Radials,597.1239254,Dorsal6
orgwht,Terrestrial,Radials,614.41149,Dorsal6
orgwht,Terrestrial,Radials,605.8353402,Dorsal6
orgwht,Terrestrial,Radials,592.1470139,Dorsal6
orgwht,Terrestrial,Radials,608.3871516,Dorsal6
orgwht,Terrestrial,Radials,545.7770023,Dorsal7
orgwht,Terrestrial,Radials,523.5886327,Dorsal7
orgwht,Terrestrial,Radials,533.4735482,Dorsal7
orgwht,Terrestrial,Radials,567.7824508,Dorsal7
orgwht,Terrestrial,Radials,553.4335257,Dorsal7
orgwht,Terrestrial,Radials,568.9511433,Ventral7
orgwht,Terrestrial,Radials,570.3711865,Ventral7
orgwht,Terrestrial,Radials,566.7652805,Ventral7
orgwht,Terrestrial,Radials,566.92618,Ventral7
orgwht,Terrestrial,Radials,566.9853916,Ventral7
orgwht,Terrestrial,Radials,591.5661342,Ventral6
orgwht,Terrestrial,Radials,591.9610644,Ventral6
orgwht,Terrestrial,Radials,602.4751798,Ventral6
orgwht,Terrestrial,Radials,531.5646704,Ventral6
orgwht,Terrestrial,Radials,530.8857954,Ventral6
orgwht,Terrestrial,Radials,557.0191897,Ventral5
orgwht,Terrestrial,Radials,568.1097485,Ventral5
orgwht,Terrestrial,Radials,579.9070747,Ventral5
orgwht,Terrestrial,Radials,528.6618926,Ventral5
orgwht,Terrestrial,Radials,508.5360216,Ventral5
orgwht,Terrestrial,Radials,672.502376,Ventral4
orgwht,Terrestrial,Radials,651.4519641,Ventral4
orgwht,Terrestrial,Radials,616.1360121,Ventral4
orgwht,Terrestrial,Radials,699.830602,Ventral4
orgwht,Terrestrial,Radials,684.1900451,Ventral4
orgwht,Terrestrial,Radials,672.9869869,Ventral3
orgwht,Terrestrial,Radials,662.8297883,Ventral3
orgwht,Terrestrial,Radials,650.4798467,Ventral3
orgwht,Terrestrial,Radials,645.0776687,Ventral3
orgwht,Terrestrial,Radials,635.6286454,Ventral3
orgwht,Terrestrial,Radials,706.6909427,Ventral2
orgwht,Terrestrial,Radials,688.4147644,Ventral2
orgwht,Terrestrial,Radials,662.2981055,Ventral2
orgwht,Terrestrial,Radials,695.1427357,Ventral2
orgwht,Terrestrial,Radials,744.5022837,Ventral2
orgwht,Terrestrial,Radials,527.3829852,Ventral1
orgwht,Terrestrial,Radials,514.5482998,Ventral1
orgwht,Terrestrial,Radials,529.0896561,Ventral1
orgwht,Terrestrial,Radials,535.8265796,Ventral1
orgwht,Terrestrial,Radials,490.7291532,Ventral1
orgwht,Terrestrial,Proximal_Fin_Rays,1058.033709,Dorsal1
orgwht,Terrestrial,Proximal_Fin_Rays,993.8563512,Dorsal1
orgwht,Terrestrial,Proximal_Fin_Rays,921.7309806,Dorsal1
orgwht,Terrestrial,Proximal_Fin_Rays,1014.712791,Dorsal1
orgwht,Terrestrial,Proximal_Fin_Rays,987.2330163,Dorsal1
orgwht,Terrestrial,Proximal_Fin_Rays,965.4261885,Dorsal2
orgwht,Terrestrial,Proximal_Fin_Rays,929.65559,Dorsal2
orgwht,Terrestrial,Proximal_Fin_Rays,972.5188332,Dorsal2
orgwht,Terrestrial,Proximal_Fin_Rays,940.137058,Dorsal2
orgwht,Terrestrial,Proximal_Fin_Rays,971.2039047,Dorsal2
orgwht,Terrestrial,Proximal_Fin_Rays,1016.090278,Dorsal3
orgwht,Terrestrial,Proximal_Fin_Rays,970.0654423,Dorsal3
orgwht,Terrestrial,Proximal_Fin_Rays,946.7014468,Dorsal3
orgwht,Terrestrial,Proximal_Fin_Rays,1005.495859,Dorsal3
orgwht,Terrestrial,Proximal_Fin_Rays,990.2682964,Dorsal3
orgwht,Terrestrial,Proximal_Fin_Rays,1084.125531,Dorsal4
orgwht,Terrestrial,Proximal_Fin_Rays,1109.311725,Dorsal4
orgwht,Terrestrial,Proximal_Fin_Rays,1099.735326,Dorsal4
orgwht,Terrestrial,Proximal_Fin_Rays,1007.779983,Dorsal4
orgwht,Terrestrial,Proximal_Fin_Rays,1005.030587,Dorsal4
orgwht,Terrestrial,Proximal_Fin_Rays,1057.758345,Dorsal5
orgwht,Terrestrial,Proximal_Fin_Rays,1067.983335,Dorsal5
orgwht,Terrestrial,Proximal_Fin_Rays,1037.419004,Dorsal5
orgwht,Terrestrial,Proximal_Fin_Rays,980.6158709,Dorsal5
orgwht,Terrestrial,Proximal_Fin_Rays,959.568142,Dorsal5
orgwht,Terrestrial,Proximal_Fin_Rays,815.0794919,Ventral5
orgwht,Terrestrial,Proximal_Fin_Rays,814.2914114,Ventral5
orgwht,Terrestrial,Proximal_Fin_Rays,809.9555475,Ventral5
orgwht,Terrestrial,Proximal_Fin_Rays,792.7729381,Ventral5
orgwht,Terrestrial,Proximal_Fin_Rays,755.7675022,Ventral5
orgwht,Terrestrial,Proximal_Fin_Rays,1023.25733,Ventral4
orgwht,Terrestrial,Proximal_Fin_Rays,1022.308403,Ventral4
orgwht,Terrestrial,Proximal_Fin_Rays,1067.240281,Ventral4
orgwht,Terrestrial,Proximal_Fin_Rays,994.9531609,Ventral4
orgwht,Terrestrial,Proximal_Fin_Rays,977.2200614,Ventral4
orgwht,Terrestrial,Proximal_Fin_Rays,1170.378785,Ventral3
orgwht,Terrestrial,Proximal_Fin_Rays,1166.478282,Ventral3
orgwht,Terrestrial,Proximal_Fin_Rays,1161.277594,Ventral3
orgwht,Terrestrial,Proximal_Fin_Rays,1160.17223,Ventral3
orgwht,Terrestrial,Proximal_Fin_Rays,1157.372655,Ventral3
orgwht,Terrestrial,Proximal_Fin_Rays,1223.928758,Ventral2
orgwht,Terrestrial,Proximal_Fin_Rays,1184.97837,Ventral2
orgwht,Terrestrial,Proximal_Fin_Rays,1154.697585,Ventral2
orgwht,Terrestrial,Proximal_Fin_Rays,1195.585939,Ventral2
orgwht,Terrestrial,Proximal_Fin_Rays,1188.232486,Ventral2
orgwht,Terrestrial,Proximal_Fin_Rays,1302.403215,Ventral1
orgwht,Terrestrial,Proximal_Fin_Rays,1302.261548,Ventral1
orgwht,Terrestrial,Proximal_Fin_Rays,1305.854809,Ventral1
orgwht,Terrestrial,Proximal_Fin_Rays,1321.460381,Ventral1
orgwht,Terrestrial,Proximal_Fin_Rays,1266.599969,Ventral1
orgwht,Terrestrial,Distal_Fin_Rays,1058.033709,Proximal1
orgwht,Terrestrial,Distal_Fin_Rays,993.8563512,Mid-Proximal1
orgwht,Terrestrial,Distal_Fin_Rays,921.7309806,Mid1
orgwht,Terrestrial,Distal_Fin_Rays,1014.712791,Mid-Distal1
orgwht,Terrestrial,Distal_Fin_Rays,987.2330163,Distal1
orgwht,Terrestrial,Distal_Fin_Rays,965.4261885,Proximal2
orgwht,Terrestrial,Distal_Fin_Rays,929.65559,Mid-Proximal2
orgwht,Terrestrial,Distal_Fin_Rays,972.5188332,Mid2
orgwht,Terrestrial,Distal_Fin_Rays,940.137058,Mid-Distal2
orgwht,Terrestrial,Distal_Fin_Rays,971.2039047,Distal2
orgwht,Terrestrial,Distal_Fin_Rays,1016.090278,Proximal3
orgwht,Terrestrial,Distal_Fin_Rays,970.0654423,Mid-Proximal3
orgwht,Terrestrial,Distal_Fin_Rays,946.7014468,Mid3
orgwht,Terrestrial,Distal_Fin_Rays,1005.495859,Mid-Distal3
orgwht,Terrestrial,Distal_Fin_Rays,990.2682964,Distal3
orgwht,Terrestrial,Distal_Fin_Rays,1084.125531,Proximal4
orgwht,Terrestrial,Distal_Fin_Rays,1109.311725,Mid-Proximal4
orgwht,Terrestrial,Distal_Fin_Rays,1099.735326,Mid4
orgwht,Terrestrial,Distal_Fin_Rays,1007.779983,Mid-Distal4
orgwht,Terrestrial,Distal_Fin_Rays,1005.030587,Distal4
orgwht,Terrestrial,Distal_Fin_Rays,1057.758345,Proximal5
orgwht,Terrestrial,Distal_Fin_Rays,1067.983335,Mid-Proximal5
orgwht,Terrestrial,Distal_Fin_Rays,1037.419004,Mid5
orgwht,Terrestrial,Distal_Fin_Rays,980.6158709,Mid-Distal5
orgwht,Terrestrial,Distal_Fin_Rays,959.568142,Distal5
orgwht,Terrestrial,Distal_Fin_Rays,815.0794919,Proximal6
orgwht,Terrestrial,Distal_Fin_Rays,814.2914114,Mid-Proximal6
orgwht,Terrestrial,Distal_Fin_Rays,809.9555475,Mid6
orgwht,Terrestrial,Distal_Fin_Rays,792.7729381,Mid-Distal6
orgwht,Terrestrial,Distal_Fin_Rays,755.7675022,Distal6
orgwht,Terrestrial,Distal_Fin_Rays,1023.25733,Proximal7
orgwht,Terrestrial,Distal_Fin_Rays,1022.308403,Mid-Proximal7
orgwht,Terrestrial,Distal_Fin_Rays,1067.240281,Mid7
orgwht,Terrestrial,Distal_Fin_Rays,994.9531609,Mid-Distal7
orgwht,Terrestrial,Distal_Fin_Rays,977.2200614,Distal7
orgwht,Terrestrial,Distal_Fin_Rays,1170.378785,Proximal8
orgwht,Terrestrial,Distal_Fin_Rays,1166.478282,Mid-Proximal8
orgwht,Terrestrial,Distal_Fin_Rays,1161.277594,Mid8
orgwht,Terrestrial,Distal_Fin_Rays,1160.17223,Mid-Distal8
orgwht,Terrestrial,Distal_Fin_Rays,1157.372655,Distal8
orgwht,Terrestrial,Distal_Fin_Rays,1223.928758,Proximal9
orgwht,Terrestrial,Distal_Fin_Rays,1184.97837,Mid-Proximal9
orgwht,Terrestrial,Distal_Fin_Rays,1154.697585,Mid9
orgwht,Terrestrial,Distal_Fin_Rays,1195.585939,Mid-Distal9
orgwht,Terrestrial,Distal_Fin_Rays,1188.232486,Distal9
orgwht,Terrestrial,Distal_Fin_Rays,1302.403215,Proximal10
orgwht,Terrestrial,Distal_Fin_Rays,1302.261548,Mid-Proximal10
orgwht,Terrestrial,Distal_Fin_Rays,1305.854809,Mid10
orgwht,Terrestrial,Distal_Fin_Rays,1321.460381,Mid-Distal10
orgwht,Terrestrial,Distal_Fin_Rays,1266.599969,Distal10
orgwht,Terrestrial,Prop_Metap,1199.668327,propterygium
orgwht,Terrestrial,Prop_Metap,1123.018274,propterygium
orgwht,Terrestrial,Prop_Metap,1087.922752,propterygium
orgwht,Terrestrial,Prop_Metap,1255.17231,propterygium
orgwht,Terrestrial,Prop_Metap,1258.507553,propterygium
orgwht,Terrestrial,Prop_Metap,1138.429236,metapterygium
orgwht,Terrestrial,Prop_Metap,1142.413682,metapterygium
orgwht,Terrestrial,Prop_Metap,1127.197861,metapterygium
orgwht,Terrestrial,Prop_Metap,1117.265077,metapterygium
orgwht,Terrestrial,Prop_Metap,1128.965231,metapterygium
redblue,Terrestrial,Radials,501.8793748,Dorsal1
redblue,Terrestrial,Radials,428.8774148,Dorsal1
redblue,Terrestrial,Radials,500.5551912,Dorsal1
redblue,Terrestrial,Radials,465.3156482,Dorsal1
redblue,Terrestrial,Radials,434.0495215,Dorsal1
redblue,Terrestrial,Radials,562.2624034,Dorsal2
redblue,Terrestrial,Radials,553.2702377,Dorsal2
redblue,Terrestrial,Radials,563.7643926,Dorsal2
redblue,Terrestrial,Radials,570.2876812,Dorsal2
redblue,Terrestrial,Radials,589.255488,Dorsal2
redblue,Terrestrial,Radials,541.8195824,Dorsal3
redblue,Terrestrial,Radials,524.4340814,Dorsal3
redblue,Terrestrial,Radials,510.1591251,Dorsal3
redblue,Terrestrial,Radials,513.7439661,Dorsal3
redblue,Terrestrial,Radials,522.2298305,Dorsal3
redblue,Terrestrial,Radials,534.0103853,Dorsal4
redblue,Terrestrial,Radials,496.0408248,Dorsal4
redblue,Terrestrial,Radials,472.6788575,Dorsal4
redblue,Terrestrial,Radials,557.9243687,Dorsal4
redblue,Terrestrial,Radials,549.3799454,Dorsal4
redblue,Terrestrial,Radials,612.0542327,Dorsal5
redblue,Terrestrial,Radials,579.6193619,Dorsal5
redblue,Terrestrial,Radials,603.2612092,Dorsal5
redblue,Terrestrial,Radials,620.1534636,Dorsal5
redblue,Terrestrial,Radials,608.9477589,Dorsal5
redblue,Terrestrial,Radials,533.5041775,Dorsal6
redblue,Terrestrial,Radials,525.1369281,Dorsal6
redblue,Terrestrial,Radials,577.8671816,Dorsal6
redblue,Terrestrial,Radials,505.2242485,Dorsal6
redblue,Terrestrial,Radials,523.6604167,Dorsal6
redblue,Terrestrial,Radials,647.2892839,Dorsal7
redblue,Terrestrial,Radials,632.1129469,Dorsal7
redblue,Terrestrial,Radials,654.48559,Dorsal7
redblue,Terrestrial,Radials,611.1389084,Dorsal7
redblue,Terrestrial,Radials,604.3659199,Dorsal7
redblue,Terrestrial,Radials,737.498682,Dorsal8
redblue,Terrestrial,Radials,714.1423764,Dorsal8
redblue,Terrestrial,Radials,702.4327099,Dorsal8
redblue,Terrestrial,Radials,666.3630956,Dorsal8
redblue,Terrestrial,Radials,585.7723939,Dorsal8
redblue,Terrestrial,Radials,729.4161555,Ventral7
redblue,Terrestrial,Radials,730.4847436,Ventral7
redblue,Terrestrial,Radials,726.8145793,Ventral7
redblue,Terrestrial,Radials,683.8651762,Ventral7
redblue,Terrestrial,Radials,684.8068438,Ventral7
redblue,Terrestrial,Radials,743.0456075,Ventral6
redblue,Terrestrial,Radials,741.9364516,Ventral6
redblue,Terrestrial,Radials,757.5061367,Ventral6
redblue,Terrestrial,Radials,743.7208943,Ventral6
redblue,Terrestrial,Radials,704.2367813,Ventral6
redblue,Terrestrial,Radials,894.5004379,Ventral5
redblue,Terrestrial,Radials,926.035402,Ventral5
redblue,Terrestrial,Radials,911.6897211,Ventral5
redblue,Terrestrial,Radials,942.3260886,Ventral5
redblue,Terrestrial,Radials,919.2438141,Ventral5
redblue,Terrestrial,Radials,805.7904789,Ventral4
redblue,Terrestrial,Radials,843.6911397,Ventral4
redblue,Terrestrial,Radials,853.1840386,Ventral4
redblue,Terrestrial,Radials,784.7437741,Ventral4
redblue,Terrestrial,Radials,807.8400624,Ventral4
redblue,Terrestrial,Radials,955.2081255,Ventral3
redblue,Terrestrial,Radials,914.957226,Ventral3
redblue,Terrestrial,Radials,868.0925443,Ventral3
redblue,Terrestrial,Radials,956.3656865,Ventral3
redblue,Terrestrial,Radials,951.4444963,Ventral3
redblue,Terrestrial,Radials,1183.123609,Ventral2
redblue,Terrestrial,Radials,1151.305302,Ventral2
redblue,Terrestrial,Radials,1159.160799,Ventral2
redblue,Terrestrial,Radials,1206.059708,Ventral2
redblue,Terrestrial,Radials,1228.488313,Ventral2
redblue,Terrestrial,Radials,348.8142576,Ventral1
redblue,Terrestrial,Radials,350.3386128,Ventral1
redblue,Terrestrial,Radials,343.5149263,Ventral1
redblue,Terrestrial,Radials,483.2518551,Ventral1
redblue,Terrestrial,Radials,450.0631121,Ventral1
redblue,Terrestrial,Proximal_Fin_Rays,748.9268074,Dorsal1
redblue,Terrestrial,Proximal_Fin_Rays,763.7735724,Dorsal1
redblue,Terrestrial,Proximal_Fin_Rays,833.2791731,Dorsal1
redblue,Terrestrial,Proximal_Fin_Rays,724.6844218,Dorsal1
redblue,Terrestrial,Proximal_Fin_Rays,790.706437,Dorsal1
redblue,Terrestrial,Proximal_Fin_Rays,1003.494924,Dorsal2
redblue,Terrestrial,Proximal_Fin_Rays,1022.598986,Dorsal2
redblue,Terrestrial,Proximal_Fin_Rays,1055.793812,Dorsal2
redblue,Terrestrial,Proximal_Fin_Rays,889.0476324,Dorsal2
redblue,Terrestrial,Proximal_Fin_Rays,834.3356423,Dorsal2
redblue,Terrestrial,Proximal_Fin_Rays,884.4741691,Dorsal3
redblue,Terrestrial,Proximal_Fin_Rays,895.3998534,Dorsal3
redblue,Terrestrial,Proximal_Fin_Rays,892.0127275,Dorsal3
redblue,Terrestrial,Proximal_Fin_Rays,836.8877839,Dorsal3
redblue,Terrestrial,Proximal_Fin_Rays,899.5204273,Dorsal3
redblue,Terrestrial,Proximal_Fin_Rays,842.488402,Dorsal4
redblue,Terrestrial,Proximal_Fin_Rays,849.2224136,Dorsal4
redblue,Terrestrial,Proximal_Fin_Rays,869.9624974,Dorsal4
redblue,Terrestrial,Proximal_Fin_Rays,838.5540794,Dorsal4
redblue,Terrestrial,Proximal_Fin_Rays,845.7208838,Dorsal4
redblue,Terrestrial,Proximal_Fin_Rays,999.6198858,Dorsal5
redblue,Terrestrial,Proximal_Fin_Rays,1017.225866,Dorsal5
redblue,Terrestrial,Proximal_Fin_Rays,985.3558551,Dorsal5
redblue,Terrestrial,Proximal_Fin_Rays,976.4349754,Dorsal5
redblue,Terrestrial,Proximal_Fin_Rays,953.1600861,Dorsal5
redblue,Terrestrial,Proximal_Fin_Rays,1386.243661,Ventral5
redblue,Terrestrial,Proximal_Fin_Rays,1497.487879,Ventral5
redblue,Terrestrial,Proximal_Fin_Rays,1271.98758,Ventral5
redblue,Terrestrial,Proximal_Fin_Rays,1234.573288,Ventral5
redblue,Terrestrial,Proximal_Fin_Rays,1220.559401,Ventral5
redblue,Terrestrial,Proximal_Fin_Rays,1533.004518,Ventral4
redblue,Terrestrial,Proximal_Fin_Rays,1489.547924,Ventral4
redblue,Terrestrial,Proximal_Fin_Rays,1517.008099,Ventral4
redblue,Terrestrial,Proximal_Fin_Rays,1551.775803,Ventral4
redblue,Terrestrial,Proximal_Fin_Rays,1551.542877,Ventral4
redblue,Terrestrial,Proximal_Fin_Rays,1334.513072,Ventral3
redblue,Terrestrial,Proximal_Fin_Rays,1371.615175,Ventral3
redblue,Terrestrial,Proximal_Fin_Rays,1369.292005,Ventral3
redblue,Terrestrial,Proximal_Fin_Rays,1269.277145,Ventral3
redblue,Terrestrial,Proximal_Fin_Rays,1369.292005,Ventral3
redblue,Terrestrial,Proximal_Fin_Rays,1112.549326,Ventral2
redblue,Terrestrial,Proximal_Fin_Rays,1091.081643,Ventral2
redblue,Terrestrial,Proximal_Fin_Rays,1040.394586,Ventral2
redblue,Terrestrial,Proximal_Fin_Rays,1011.763211,Ventral2
redblue,Terrestrial,Proximal_Fin_Rays,1072.801991,Ventral2
redblue,Terrestrial,Proximal_Fin_Rays,1035.007241,Ventral1
redblue,Terrestrial,Proximal_Fin_Rays,973.3474285,Ventral1
redblue,Terrestrial,Proximal_Fin_Rays,984.1011795,Ventral1
redblue,Terrestrial,Proximal_Fin_Rays,1057.395302,Ventral1
redblue,Terrestrial,Proximal_Fin_Rays,1044.353615,Ventral1
redblue,Terrestrial,Distal_Fin_Rays,652.9749679,Proximal1
redblue,Terrestrial,Distal_Fin_Rays,619.654368,Mid-Proximal1
redblue,Terrestrial,Distal_Fin_Rays,569.6153422,Mid1
redblue,Terrestrial,Distal_Fin_Rays,442.0621423,Mid-Distal1
redblue,Terrestrial,Distal_Fin_Rays,429.094361,Distal1
redblue,Terrestrial,Distal_Fin_Rays,540.0612023,Proximal2
redblue,Terrestrial,Distal_Fin_Rays,527.9792203,Mid-Proximal2
redblue,Terrestrial,Distal_Fin_Rays,515.1733123,Mid2
redblue,Terrestrial,Distal_Fin_Rays,537.2321286,Mid-Distal2
redblue,Terrestrial,Distal_Fin_Rays,380.4727263,Distal2
redblue,Terrestrial,Distal_Fin_Rays,784.2141942,Proximal3
redblue,Terrestrial,Distal_Fin_Rays,593.6747986,Mid-Proximal3
redblue,Terrestrial,Distal_Fin_Rays,493.3182706,Mid3
redblue,Terrestrial,Distal_Fin_Rays,476.2186857,Mid-Distal3
redblue,Terrestrial,Distal_Fin_Rays,463.6085275,Distal3
redblue,Terrestrial,Distal_Fin_Rays,777.8610141,Proximal4
redblue,Terrestrial,Distal_Fin_Rays,539.8563048,Mid-Proximal4
redblue,Terrestrial,Distal_Fin_Rays,663.2221836,Mid4
redblue,Terrestrial,Distal_Fin_Rays,507.9864814,Mid-Distal4
redblue,Terrestrial,Distal_Fin_Rays,681.4940453,Distal4
redblue,Terrestrial,Distal_Fin_Rays,844.5822965,Proximal5
redblue,Terrestrial,Distal_Fin_Rays,582.1611627,Mid-Proximal5
redblue,Terrestrial,Distal_Fin_Rays,601.9768448,Mid5
redblue,Terrestrial,Distal_Fin_Rays,479.2503408,Mid-Distal5
redblue,Terrestrial,Distal_Fin_Rays,566.6285361,Distal5
redblue,Terrestrial,Distal_Fin_Rays,1142.273504,Proximal6
redblue,Terrestrial,Distal_Fin_Rays,932.9715037,Mid-Proximal6
redblue,Terrestrial,Distal_Fin_Rays,737.0856818,Mid6
redblue,Terrestrial,Distal_Fin_Rays,714.038173,Mid-Distal6
redblue,Terrestrial,Distal_Fin_Rays,596.1263163,Distal6
redblue,Terrestrial,Distal_Fin_Rays,1115.088132,Proximal7
redblue,Terrestrial,Distal_Fin_Rays,951.182467,Mid-Proximal7
redblue,Terrestrial,Distal_Fin_Rays,710.373413,Mid7
redblue,Terrestrial,Distal_Fin_Rays,846.6878888,Mid-Distal7
redblue,Terrestrial,Distal_Fin_Rays,645.3269889,Distal7
redblue,Terrestrial,Distal_Fin_Rays,832.6760613,Proximal8
redblue,Terrestrial,Distal_Fin_Rays,791.7943264,Mid-Proximal8
redblue,Terrestrial,Distal_Fin_Rays,751.372523,Mid8
redblue,Terrestrial,Distal_Fin_Rays,883.517926,Mid-Distal8
redblue,Terrestrial,Distal_Fin_Rays,646.8359967,Distal8
redblue,Terrestrial,Distal_Fin_Rays,982.4169163,Proximal9
redblue,Terrestrial,Distal_Fin_Rays,896.1719039,Mid-Proximal9
redblue,Terrestrial,Distal_Fin_Rays,702.3612367,Mid9
redblue,Terrestrial,Distal_Fin_Rays,560.2460181,Mid-Distal9
redblue,Terrestrial,Distal_Fin_Rays,477.4020987,Distal9
redblue,Terrestrial,Distal_Fin_Rays,709.7932054,Proximal10
redblue,Terrestrial,Distal_Fin_Rays,627.4879433,Mid-Proximal10
redblue,Terrestrial,Distal_Fin_Rays,568.613244,Mid10
redblue,Terrestrial,Distal_Fin_Rays,506.2838059,Mid-Distal10
redblue,Terrestrial,Distal_Fin_Rays,566.3087903,Distal10
redblue,Terrestrial,Prop_Metap,1103.556903,propterygium
redblue,Terrestrial,Prop_Metap,1123.694834,propterygium
redblue,Terrestrial,Prop_Metap,1127.602416,propterygium
redblue,Terrestrial,Prop_Metap,1065.044942,propterygium
redblue,Terrestrial,Prop_Metap,1029.219015,propterygium
redblue,Terrestrial,Prop_Metap,1036.904497,metapterygium
redblue,Terrestrial,Prop_Metap,993.2192362,metapterygium
redblue,Terrestrial,Prop_Metap,971.715922,metapterygium
redblue,Terrestrial,Prop_Metap,1056.17448,metapterygium
redblue,Terrestrial,Prop_Metap,1026.237894,metapterygium
redred,Terrestrial,Radials,317.8414983,Dorsal1
redred,Terrestrial,Radials,325.6024277,Dorsal1
redred,Terrestrial,Radials,335.0265051,Dorsal1
redred,Terrestrial,Radials,315.6004498,Dorsal1
redred,Terrestrial,Radials,306.9688211,Dorsal1
redred,Terrestrial,Radials,322.0564527,Dorsal2
redred,Terrestrial,Radials,316.2177965,Dorsal2
redred,Terrestrial,Radials,332.256623,Dorsal2
redred,Terrestrial,Radials,335.3292455,Dorsal2
redred,Terrestrial,Radials,361.8389127,Dorsal2
redred,Terrestrial,Radials,380.608496,Dorsal3
redred,Terrestrial,Radials,391.5469167,Dorsal3
redred,Terrestrial,Radials,397.4509956,Dorsal3
redred,Terrestrial,Radials,392.8983446,Dorsal3
redred,Terrestrial,Radials,401.6659499,Dorsal3
redred,Terrestrial,Radials,347.9250415,Dorsal4
redred,Terrestrial,Radials,348.5398225,Dorsal4
redred,Terrestrial,Radials,352.0299959,Dorsal4
redred,Terrestrial,Radials,350.5336117,Dorsal4
redred,Terrestrial,Radials,365.2748878,Dorsal4
redred,Terrestrial,Radials,469.961808,Dorsal5
redred,Terrestrial,Radials,474.4031763,Dorsal5
redred,Terrestrial,Radials,468.5760652,Dorsal5
redred,Terrestrial,Radials,414.2870812,Dorsal5
redred,Terrestrial,Radials,403.3954827,Dorsal5
redred,Terrestrial,Radials,469.9101754,Dorsal6
redred,Terrestrial,Radials,471.2625655,Dorsal6
redred,Terrestrial,Radials,449.9835081,Dorsal6
redred,Terrestrial,Radials,454.3607364,Dorsal6
redred,Terrestrial,Radials,442.3559897,Dorsal6
redred,Terrestrial,Radials,389.6932732,Dorsal7
redred,Terrestrial,Radials,389.7917279,Dorsal7
redred,Terrestrial,Radials,382.2190492,Dorsal7
redred,Terrestrial,Radials,388.3639735,Dorsal7
redred,Terrestrial,Radials,371.2479172,Dorsal7
redred,Terrestrial,Radials,378.3809168,Ventral7
redred,Terrestrial,Radials,372.2382374,Ventral7
redred,Terrestrial,Radials,362.3542769,Ventral7
redred,Terrestrial,Radials,381.9169502,Ventral7
redred,Terrestrial,Radials,376.0183231,Ventral7
redred,Terrestrial,Radials,475.2405228,Ventral6
redred,Terrestrial,Radials,476.4053036,Ventral6
redred,Terrestrial,Radials,478.6922122,Ventral6
redred,Terrestrial,Radials,446.1328685,Ventral6
redred,Terrestrial,Radials,442.0481181,Ventral6
redred,Terrestrial,Radials,548.3058248,Ventral5
redred,Terrestrial,Radials,531.0339085,Ventral5
redred,Terrestrial,Radials,515.2660731,Ventral5
redred,Terrestrial,Radials,532.1409634,Ventral5
redred,Terrestrial,Radials,506.5385552,Ventral5
redred,Terrestrial,Radials,596.6618669,Ventral4
redred,Terrestrial,Radials,591.8770295,Ventral4
redred,Terrestrial,Radials,583.7889865,Ventral4
redred,Terrestrial,Radials,586.4187229,Ventral4
redred,Terrestrial,Radials,584.154584,Ventral4
redred,Terrestrial,Radials,657.3411104,Ventral3
redred,Terrestrial,Radials,636.7021694,Ventral3
redred,Terrestrial,Radials,616.5202252,Ventral3
redred,Terrestrial,Radials,668.2888314,Ventral3
redred,Terrestrial,Radials,669.1499097,Ventral3
redred,Terrestrial,Radials,611.9682156,Ventral2
redred,Terrestrial,Radials,626.4054685,Ventral2
redred,Terrestrial,Radials,644.9890461,Ventral2
redred,Terrestrial,Radials,661.9242279,Ventral2
redred,Terrestrial,Radials,601.1320981,Ventral2
redred,Terrestrial,Radials,561.1754983,Ventral1
redred,Terrestrial,Radials,536.4771422,Ventral1
redred,Terrestrial,Radials,515.8840612,Ventral1
redred,Terrestrial,Radials,563.6897828,Ventral1
redred,Terrestrial,Radials,555.1120316,Ventral1
redred,Terrestrial,Proximal_Fin_Rays,547.5499359,Dorsal1
redred,Terrestrial,Proximal_Fin_Rays,517.0834775,Dorsal1
redred,Terrestrial,Proximal_Fin_Rays,532.0646369,Dorsal1
redred,Terrestrial,Proximal_Fin_Rays,574.8552588,Dorsal1
redred,Terrestrial,Proximal_Fin_Rays,574.8552588,Dorsal1
redred,Terrestrial,Proximal_Fin_Rays,630.5219681,Dorsal2
redred,Terrestrial,Proximal_Fin_Rays,599.8951599,Dorsal2
redred,Terrestrial,Proximal_Fin_Rays,591.0226858,Dorsal2
redred,Terrestrial,Proximal_Fin_Rays,624.5713877,Dorsal2
redred,Terrestrial,Proximal_Fin_Rays,637.5061632,Dorsal2
redred,Terrestrial,Proximal_Fin_Rays,656.9405567,Dorsal3
redred,Terrestrial,Proximal_Fin_Rays,633.6792553,Dorsal3
redred,Terrestrial,Proximal_Fin_Rays,604.1960617,Dorsal3
redred,Terrestrial,Proximal_Fin_Rays,662.6063558,Dorsal3
redred,Terrestrial,Proximal_Fin_Rays,657.0473496,Dorsal3
redred,Terrestrial,Proximal_Fin_Rays,721.4059792,Dorsal4
redred,Terrestrial,Proximal_Fin_Rays,719.7287205,Dorsal4
redred,Terrestrial,Proximal_Fin_Rays,731.8861202,Dorsal4
redred,Terrestrial,Proximal_Fin_Rays,747.1395535,Dorsal4
redred,Terrestrial,Proximal_Fin_Rays,754.2180342,Dorsal4
redred,Terrestrial,Proximal_Fin_Rays,658.9930339,Dorsal5
redred,Terrestrial,Proximal_Fin_Rays,661.5021872,Dorsal5
redred,Terrestrial,Proximal_Fin_Rays,661.6718373,Dorsal5
redred,Terrestrial,Proximal_Fin_Rays,664.0110199,Dorsal5
redred,Terrestrial,Proximal_Fin_Rays,669.2175773,Dorsal5
redred,Terrestrial,Proximal_Fin_Rays,835.490038,Ventral5
redred,Terrestrial,Proximal_Fin_Rays,829.637271,Ventral5
redred,Terrestrial,Proximal_Fin_Rays,785.1081367,Ventral5
redred,Terrestrial,Proximal_Fin_Rays,845.2393047,Ventral5
redred,Terrestrial,Proximal_Fin_Rays,858.163497,Ventral5
redred,Terrestrial,Proximal_Fin_Rays,964.8150228,Ventral4
redred,Terrestrial,Proximal_Fin_Rays,969.7788106,Ventral4
redred,Terrestrial,Proximal_Fin_Rays,968.6076158,Ventral4
redred,Terrestrial,Proximal_Fin_Rays,957.1878251,Ventral4
redred,Terrestrial,Proximal_Fin_Rays,971.8704132,Ventral4
redred,Terrestrial,Proximal_Fin_Rays,853.9681054,Ventral3
redred,Terrestrial,Proximal_Fin_Rays,824.1533085,Ventral3
redred,Terrestrial,Proximal_Fin_Rays,789.9109334,Ventral3
redred,Terrestrial,Proximal_Fin_Rays,862.306294,Ventral3
redred,Terrestrial,Proximal_Fin_Rays,875.785938,Ventral3
redred,Terrestrial,Proximal_Fin_Rays,803.5217435,Ventral2
redred,Terrestrial,Proximal_Fin_Rays,812.9503107,Ventral2
redred,Terrestrial,Proximal_Fin_Rays,790.6722742,Ventral2
redred,Terrestrial,Proximal_Fin_Rays,807.867864,Ventral2
redred,Terrestrial,Proximal_Fin_Rays,783.1137062,Ventral2
redred,Terrestrial,Proximal_Fin_Rays,661.1487763,Ventral1
redred,Terrestrial,Proximal_Fin_Rays,616.0372517,Ventral1
redred,Terrestrial,Proximal_Fin_Rays,608.6076049,Ventral1
redred,Terrestrial,Proximal_Fin_Rays,798.069851,Ventral1
redred,Terrestrial,Proximal_Fin_Rays,785.0090406,Ventral1
redred,Terrestrial,Distal_Fin_Rays,401.9523346,Proximal1
redred,Terrestrial,Distal_Fin_Rays,443.9533942,Mid-Proximal1
redred,Terrestrial,Distal_Fin_Rays,362.1855889,Mid1
redred,Terrestrial,Distal_Fin_Rays,503.8812386,Mid-Distal1
redred,Terrestrial,Distal_Fin_Rays,411.4129717,Distal1
redred,Terrestrial,Distal_Fin_Rays,490.4333439,Proximal2
redred,Terrestrial,Distal_Fin_Rays,424.3246568,Mid-Proximal2
redred,Terrestrial,Distal_Fin_Rays,398.0917533,Mid2
redred,Terrestrial,Distal_Fin_Rays,324.9738566,Mid-Distal2
redred,Terrestrial,Distal_Fin_Rays,322.6859859,Distal2
redred,Terrestrial,Distal_Fin_Rays,476.048365,Proximal3
redred,Terrestrial,Distal_Fin_Rays,460.3565354,Mid-Proximal3
redred,Terrestrial,Distal_Fin_Rays,436.1334561,Mid3
redred,Terrestrial,Distal_Fin_Rays,453.9457512,Mid-Distal3
redred,Terrestrial,Distal_Fin_Rays,374.3035426,Distal3
redred,Terrestrial,Distal_Fin_Rays,412.7451577,Proximal4
redred,Terrestrial,Distal_Fin_Rays,390.8881997,Mid-Proximal4
redred,Terrestrial,Distal_Fin_Rays,462.0193627,Mid4
redred,Terrestrial,Distal_Fin_Rays,389.8860136,Mid-Distal4
redred,Terrestrial,Distal_Fin_Rays,322.0660737,Distal4
redred,Terrestrial,Distal_Fin_Rays,601.4755674,Proximal5
redred,Terrestrial,Distal_Fin_Rays,442.7793131,Mid-Proximal5
redred,Terrestrial,Distal_Fin_Rays,409.4531767,Mid5
redred,Terrestrial,Distal_Fin_Rays,412.1345458,Mid-Distal5
redred,Terrestrial,Distal_Fin_Rays,330.2176151,Distal5
redred,Terrestrial,Distal_Fin_Rays,781.1795671,Proximal6
redred,Terrestrial,Distal_Fin_Rays,676.2752126,Mid-Proximal6
redred,Terrestrial,Distal_Fin_Rays,552.5666392,Mid6
redred,Terrestrial,Distal_Fin_Rays,479.4333489,Mid-Distal6
redred,Terrestrial,Distal_Fin_Rays,485.3464074,Distal6
redred,Terrestrial,Distal_Fin_Rays,698.9707999,Proximal7
redred,Terrestrial,Distal_Fin_Rays,679.3010129,Mid-Proximal7
redred,Terrestrial,Distal_Fin_Rays,569.4261359,Mid7
redred,Terrestrial,Distal_Fin_Rays,393.8998893,Mid-Distal7
redred,Terrestrial,Distal_Fin_Rays,372.5166046,Distal7
redred,Terrestrial,Distal_Fin_Rays,613.8231419,Proximal8
redred,Terrestrial,Distal_Fin_Rays,529.5105856,Mid-Proximal8
redred,Terrestrial,Distal_Fin_Rays,326.9301239,Mid8
redred,Terrestrial,Distal_Fin_Rays,359.2101384,Mid-Distal8
redred,Terrestrial,Distal_Fin_Rays,343.6029735,Distal8
redred,Terrestrial,Distal_Fin_Rays,593.4577576,Proximal9
redred,Terrestrial,Distal_Fin_Rays,467.4953077,Mid-Proximal9
redred,Terrestrial,Distal_Fin_Rays,496.4814169,Mid9
redred,Terrestrial,Distal_Fin_Rays,462.9862719,Mid-Distal9
redred,Terrestrial,Distal_Fin_Rays,430.8473652,Distal9
redred,Terrestrial,Distal_Fin_Rays,563.6577129,Proximal10
redred,Terrestrial,Distal_Fin_Rays,594.3865035,Mid-Proximal10
redred,Terrestrial,Distal_Fin_Rays,513.0609429,Mid10
redred,Terrestrial,Distal_Fin_Rays,384.3574739,Mid-Distal10
redred,Terrestrial,Distal_Fin_Rays,440.8230458,Distal10
redred,Terrestrial,Prop_Metap,925.0123587,propterygium
redred,Terrestrial,Prop_Metap,933.2892937,propterygium
redred,Terrestrial,Prop_Metap,940.593547,propterygium
redred,Terrestrial,Prop_Metap,920.0145767,propterygium
redred,Terrestrial,Prop_Metap,914.2278738,propterygium
redred,Terrestrial,Prop_Metap,952.6220254,metapterygium
redred,Terrestrial,Prop_Metap,938.1398746,metapterygium
redred,Terrestrial,Prop_Metap,916.763966,metapterygium
redred,Terrestrial,Prop_Metap,975.0058928,metapterygium
redred,Terrestrial,Prop_Metap,978.9748706,metapterygium
